2026-09-11T12:55:49.093409+05:30	Absolutdata	HTTPError: 404 Client Error: Not Found for url: https://boards-api.greenhouse.io/v1/boards/absolutdata/jobs?content=true
2026-09-11T12:55:49.093669+05:30	Artoo	HTTPError: 404 Client Error: Not Found for url: https://boards-api.greenhouse.io/v1/boards/artoo/jobs?content=true
2026-09-11T12:55:49.093742+05:30	Arya.ai	HTTPError: 404 Client Error: Not Found for url: https://boards-api.greenhouse.io/v1/boards/arya-ai/jobs?content=true
2026-09-11T12:55:49.093807+05:30	Avail Finance	HTTPError: 404 Client Error: Not Found for url: https://boards-api.greenhouse.io/v1/boards/availfinance/jobs?content=true
2026-09-11T12:55:49.093868+05:30	Axtria	HTTPError: 404 Client Error: Not Found for url: https://boards-api.greenhouse.io/v1/boards/axtria/jobs?content=true
2026-09-11T12:55:49.093930+05:30	BharatPe	HTTPError: 404 Client Error: Not Found for url: https://boards-api.greenhouse.io/v1/boards/bharatpe/jobs?content=true
2026-09-11T12:55:49.212184+05:30	BrowserStack	HTTPError: 404 Client Error: Not Found for url: https://boards-api.greenhouse.io/v1/boards/browserstack/jobs?content=true
2026-09-11T12:55:49.494692+05:30	Cashfree	HTTPError: 404 Client Error: Not Found for url: https://boards-api.greenhouse.io/v1/boards/cashfree/jobs?content=true
2026-09-11T12:55:49.502301+05:30	Chargebee	HTTPError: 404 Client Error: Not Found for url: https://boards-api.greenhouse.io/v1/boards/chargebee/jobs?content=true
2026-09-11T12:55:49.585983+05:30	Classplus	HTTPError: 404 Client Error: Not Found for url: https://boards-api.greenhouse.io/v1/boards/classplus/jobs?content=true
2026-09-11T12:55:49.632765+05:30	Clevertap	HTTPError: 404 Client Error: Not Found for url: https://boards-api.greenhouse.io/v1/boards/clevertap/jobs?content=true
2026-09-11T12:55:51.551550+05:30	Cred Avenue	HTTPError: 404 Client Error: Not Found for url: https://boards-api.greenhouse.io/v1/boards/credavenue/jobs?content=true
2026-09-11T12:56:00.324793+05:30	Darwinbox	HTTPError: 404 Client Error: Not Found for url: https://boards-api.greenhouse.io/v1/boards/darwinbox/jobs?content=true
2026-09-11T12:56:00.325253+05:30	DataWeave	HTTPError: 404 Client Error: Not Found for url: https://boards-api.greenhouse.io/v1/boards/dataweave/jobs?content=true
2026-09-11T12:56:00.325352+05:30	Dunzo	HTTPError: 404 Client Error: Not Found for url: https://boards-api.greenhouse.io/v1/boards/dunzo/jobs?content=true
2026-09-11T12:56:00.325425+05:30	Eka Plus	HTTPError: 404 Client Error: Not Found for url: https://boards-api.greenhouse.io/v1/boards/ekaplus/jobs?content=true
2026-09-11T12:56:00.325485+05:30	ElasticRun	HTTPError: 404 Client Error: Not Found for url: https://boards-api.greenhouse.io/v1/boards/elasticrun/jobs?content=true
2026-09-11T12:56:00.325568+05:30	Exotel	HTTPError: 404 Client Error: Not Found for url: https://boards-api.greenhouse.io/v1/boards/exotel/jobs?content=true
2026-09-11T12:56:00.325624+05:30	Ezetap	HTTPError: 404 Client Error: Not Found for url: https://boards-api.greenhouse.io/v1/boards/ezetap/jobs?content=true
2026-09-11T12:56:00.325672+05:30	Fampay	HTTPError: 404 Client Error: Not Found for url: https://boards-api.greenhouse.io/v1/boards/fampay/jobs?content=true
2026-09-11T12:56:00.325724+05:30	Flutura	HTTPError: 404 Client Error: Not Found for url: https://boards-api.greenhouse.io/v1/boards/flutura/jobs?content=true
2026-09-11T12:56:00.325769+05:30	Fractal Analytics	HTTPError: 404 Client Error: Not Found for url: https://boards-api.greenhouse.io/v1/boards/fractal/jobs?content=true
2026-09-11T12:56:00.325815+05:30	Freo	HTTPError: 404 Client Error: Not Found for url: https://boards-api.greenhouse.io/v1/boards/freo/jobs?content=true
2026-09-11T12:56:00.325861+05:30	Freshworks	HTTPError: 404 Client Error: Not Found for url: https://boards-api.greenhouse.io/v1/boards/freshworks/jobs?content=true
2026-09-11T12:56:02.112680+05:30	Gojek India	HTTPError: 404 Client Error: Not Found for url: https://boards-api.greenhouse.io/v1/boards/gojek/jobs?content=true
2026-09-11T12:56:02.147404+05:30	Great Learning	HTTPError: 404 Client Error: Not Found for url: https://boards-api.greenhouse.io/v1/boards/greatlearning/jobs?content=true
2026-09-11T12:56:02.199063+05:30	Gupshup	HTTPError: 404 Client Error: Not Found for url: https://boards-api.greenhouse.io/v1/boards/gupshup/jobs?content=true
2026-09-11T12:56:02.268574+05:30	Happay	HTTPError: 404 Client Error: Not Found for url: https://boards-api.greenhouse.io/v1/boards/happay/jobs?content=true
2026-09-11T12:56:02.291063+05:30	Happiest Minds	HTTPError: 404 Client Error: Not Found for url: https://boards-api.greenhouse.io/v1/boards/happiestminds/jobs?content=true
2026-09-11T12:56:02.310093+05:30	Hasura	HTTPError: 404 Client Error: Not Found for url: https://boards-api.greenhouse.io/v1/boards/hasura/jobs?content=true
2026-09-11T12:56:02.523370+05:30	Healthplix	HTTPError: 404 Client Error: Not Found for url: https://boards-api.greenhouse.io/v1/boards/healthplix/jobs?content=true
2026-09-11T12:56:02.524718+05:30	Helpshift	HTTPError: 404 Client Error: Not Found for url: https://boards-api.greenhouse.io/v1/boards/helpshift/jobs?content=true
2026-09-11T12:56:02.718770+05:30	iNeuron	HTTPError: 404 Client Error: Not Found for url: https://boards-api.greenhouse.io/v1/boards/ineuron/jobs?content=true
2026-09-11T12:56:02.981231+05:30	Innovaccer	HTTPError: 404 Client Error: Not Found for url: https://boards-api.greenhouse.io/v1/boards/innovaccer/jobs?content=true
2026-09-11T12:56:04.116007+05:30	Juspay	HTTPError: 404 Client Error: Not Found for url: https://boards-api.greenhouse.io/v1/boards/juspay/jobs?content=true
2026-09-11T12:56:06.588096+05:30	Kapture CRM	HTTPError: 404 Client Error: Not Found for url: https://boards-api.greenhouse.io/v1/boards/kapture/jobs?content=true
2026-09-11T12:56:08.345011+05:30	Konversai	HTTPError: 404 Client Error: Not Found for url: https://boards-api.greenhouse.io/v1/boards/konversai/jobs?content=true
2026-09-11T12:56:08.380445+05:30	Kredx	HTTPError: 404 Client Error: Not Found for url: https://boards-api.greenhouse.io/v1/boards/kredx/jobs?content=true
2026-09-11T12:56:08.449114+05:30	LatentView Analytics	HTTPError: 404 Client Error: Not Found for url: https://boards-api.greenhouse.io/v1/boards/latentview/jobs?content=true
2026-09-11T12:56:08.487400+05:30	LeadSquared	HTTPError: 404 Client Error: Not Found for url: https://boards-api.greenhouse.io/v1/boards/leadsquared/jobs?content=true
2026-09-11T12:56:08.525046+05:30	Lenskart	HTTPError: 404 Client Error: Not Found for url: https://boards-api.greenhouse.io/v1/boards/lenskart/jobs?content=true
2026-09-11T12:56:21.326662+05:30	Mad Street Den	HTTPError: 404 Client Error: Not Found for url: https://boards-api.greenhouse.io/v1/boards/madstreetden/jobs?content=true
2026-09-11T12:56:21.326799+05:30	Mamaearth	HTTPError: 404 Client Error: Not Found for url: https://boards-api.greenhouse.io/v1/boards/mamaearth/jobs?content=true
2026-09-11T12:56:21.326873+05:30	Mintifi	HTTPError: 404 Client Error: Not Found for url: https://boards-api.greenhouse.io/v1/boards/mintifi/jobs?content=true
2026-09-11T12:56:21.326923+05:30	MoEngage	HTTPError: 404 Client Error: Not Found for url: https://boards-api.greenhouse.io/v1/boards/moengage/jobs?content=true
2026-09-11T12:56:21.326975+05:30	Moxo	HTTPError: 404 Client Error: Not Found for url: https://boards-api.greenhouse.io/v1/boards/moxo/jobs?content=true
2026-09-11T12:56:21.327032+05:30	Mu Sigma	HTTPError: 404 Client Error: Not Found for url: https://boards-api.greenhouse.io/v1/boards/mu-sigma/jobs?content=true
2026-09-11T12:56:21.327086+05:30	Navi Technologies	HTTPError: 404 Client Error: Not Found for url: https://boards-api.greenhouse.io/v1/boards/navi/jobs?content=true
2026-09-11T12:56:21.327136+05:30	Netcore Cloud	HTTPError: 404 Client Error: Not Found for url: https://boards-api.greenhouse.io/v1/boards/netcorecloud/jobs?content=true
2026-09-11T12:56:21.327183+05:30	Niramai	HTTPError: 404 Client Error: Not Found for url: https://boards-api.greenhouse.io/v1/boards/niramai/jobs?content=true
2026-09-11T12:56:21.327262+05:30	Niyo	HTTPError: 404 Client Error: Not Found for url: https://boards-api.greenhouse.io/v1/boards/niyo/jobs?content=true
2026-09-11T12:56:21.327340+05:30	Numberz	HTTPError: 404 Client Error: Not Found for url: https://boards-api.greenhouse.io/v1/boards/numberz/jobs?content=true
2026-09-11T12:56:21.327408+05:30	Open Financial	HTTPError: 404 Client Error: Not Found for url: https://boards-api.greenhouse.io/v1/boards/open-financial/jobs?content=true
2026-09-11T12:56:21.745594+05:30	Perfios	HTTPError: 404 Client Error: Not Found for url: https://boards-api.greenhouse.io/v1/boards/perfios/jobs?content=true
2026-09-11T12:56:21.746036+05:30	Portea Medical	HTTPError: 404 Client Error: Not Found for url: https://boards-api.greenhouse.io/v1/boards/portea/jobs?content=true
2026-09-11T12:56:21.746648+05:30	Practo	HTTPError: 404 Client Error: Not Found for url: https://boards-api.greenhouse.io/v1/boards/practo/jobs?content=true
2026-09-11T12:56:21.746706+05:30	Progcap	HTTPError: 404 Client Error: Not Found for url: https://boards-api.greenhouse.io/v1/boards/progcap/jobs?content=true
2026-09-11T12:56:21.746749+05:30	Purplle	HTTPError: 404 Client Error: Not Found for url: https://boards-api.greenhouse.io/v1/boards/purplle/jobs?content=true
2026-09-11T12:56:21.746783+05:30	Razorpay	HTTPError: 404 Client Error: Not Found for url: https://boards-api.greenhouse.io/v1/boards/razorpay/jobs?content=true
2026-09-11T12:56:21.746813+05:30	Rivigo	HTTPError: 404 Client Error: Not Found for url: https://boards-api.greenhouse.io/v1/boards/rivigo/jobs?content=true
2026-09-11T12:56:21.746854+05:30	Salesken	HTTPError: 404 Client Error: Not Found for url: https://boards-api.greenhouse.io/v1/boards/salesken/jobs?content=true
2026-09-11T12:56:21.746890+05:30	Scaler	HTTPError: 404 Client Error: Not Found for url: https://boards-api.greenhouse.io/v1/boards/scaler/jobs?content=true
2026-09-11T12:56:21.955427+05:30	Setu	HTTPError: 404 Client Error: Not Found for url: https://boards-api.greenhouse.io/v1/boards/setu/jobs?content=true
2026-09-11T12:56:22.261934+05:30	Shadowfax	HTTPError: 404 Client Error: Not Found for url: https://boards-api.greenhouse.io/v1/boards/shadowfax/jobs?content=true
2026-09-11T12:56:22.445435+05:30	Signzy	HTTPError: 404 Client Error: Not Found for url: https://boards-api.greenhouse.io/v1/boards/signzy/jobs?content=true
2026-09-11T12:56:22.448812+05:30	Simplilearn	HTTPError: 404 Client Error: Not Found for url: https://boards-api.greenhouse.io/v1/boards/simplilearn/jobs?content=true
2026-09-11T12:56:25.275656+05:30	Sprinklr	HTTPError: 404 Client Error: Not Found for url: https://boards-api.greenhouse.io/v1/boards/sprinklr/jobs?content=true
2026-09-11T12:56:25.321958+05:30	Teachmint	HTTPError: 404 Client Error: Not Found for url: https://boards-api.greenhouse.io/v1/boards/teachmint/jobs?content=true
2026-09-11T12:56:26.962297+05:30	Tiger Analytics	HTTPError: 404 Client Error: Not Found for url: https://boards-api.greenhouse.io/v1/boards/tigeranalytics/jobs?content=true
2026-09-11T12:56:27.087063+05:30	Unacademy	HTTPError: 404 Client Error: Not Found for url: https://boards-api.greenhouse.io/v1/boards/unacademy/jobs?content=true
2026-09-11T12:56:27.423111+05:30	Uniphore	HTTPError: 404 Client Error: Not Found for url: https://boards-api.greenhouse.io/v1/boards/uniphore/jobs?content=true
2026-09-11T12:56:27.558648+05:30	upGrad	HTTPError: 404 Client Error: Not Found for url: https://boards-api.greenhouse.io/v1/boards/upgrad/jobs?content=true
2026-09-11T12:56:27.602996+05:30	Vedantu	HTTPError: 404 Client Error: Not Found for url: https://boards-api.greenhouse.io/v1/boards/vedantu/jobs?content=true
2026-09-11T12:56:27.964446+05:30	Vyapar	HTTPError: 404 Client Error: Not Found for url: https://boards-api.greenhouse.io/v1/boards/vyapar/jobs?content=true
2026-09-11T12:56:29.180648+05:30	WebEngage	HTTPError: 404 Client Error: Not Found for url: https://boards-api.greenhouse.io/v1/boards/webengage/jobs?content=true
2026-09-11T12:56:29.180829+05:30	Whatfix	HTTPError: 404 Client Error: Not Found for url: https://boards-api.greenhouse.io/v1/boards/whatfix/jobs?content=true
2026-09-11T12:56:29.180900+05:30	Yubi (CredAvenue)	HTTPError: 404 Client Error: Not Found for url: https://boards-api.greenhouse.io/v1/boards/yubi/jobs?content=true
2026-09-11T12:56:29.180987+05:30	Zivame	HTTPError: 404 Client Error: Not Found for url: https://boards-api.greenhouse.io/v1/boards/zivame/jobs?content=true
2026-09-11T12:56:31.491997+05:30	Zowork	HTTPError: 404 Client Error: Not Found for url: https://boards-api.greenhouse.io/v1/boards/zowork/jobs?content=true
2026-09-11T12:56:35.538644+05:30	5Paisa Capital	HTTPError: 404 Client Error: Not Found for url: https://api.lever.co/v0/postings/5paisa?mode=json
2026-09-11T12:56:35.539318+05:30	Angel One	HTTPError: 404 Client Error: Not Found for url: https://api.lever.co/v0/postings/angelone?mode=json
2026-09-11T12:56:35.539399+05:30	Apollo 24/7	HTTPError: 404 Client Error: Not Found for url: https://api.lever.co/v0/postings/apollo247?mode=json
2026-09-11T12:56:35.539454+05:30	Aster DM Healthcare	HTTPError: 404 Client Error: Not Found for url: https://api.lever.co/v0/postings/asterdm?mode=json
2026-09-11T12:56:36.234941+05:30	Bizongo	HTTPError: 404 Client Error: Not Found for url: https://api.lever.co/v0/postings/bizongo?mode=json
2026-09-11T12:56:36.235302+05:30	BlackBuck	HTTPError: 404 Client Error: Not Found for url: https://api.lever.co/v0/postings/blackbuck?mode=json
2026-09-11T12:56:36.235792+05:30	Blowhorn	HTTPError: 404 Client Error: Not Found for url: https://api.lever.co/v0/postings/blowhorn?mode=json
2026-09-11T12:56:36.235863+05:30	Climes	HTTPError: 404 Client Error: Not Found for url: https://api.lever.co/v0/postings/climes?mode=json
2026-09-11T12:56:36.235919+05:30	Country Delight	HTTPError: 404 Client Error: Not Found for url: https://api.lever.co/v0/postings/countrydelight?mode=json
2026-09-11T12:56:36.235977+05:30	Coverfox	HTTPError: 404 Client Error: Not Found for url: https://api.lever.co/v0/postings/coverfox?mode=json
2026-09-11T12:56:36.236035+05:30	Cure.fit	HTTPError: 404 Client Error: Not Found for url: https://api.lever.co/v0/postings/curefit?mode=json
2026-09-11T12:56:37.821434+05:30	Delhivery	HTTPError: 404 Client Error: Not Found for url: https://api.lever.co/v0/postings/delhivery?mode=json
2026-09-11T12:56:40.023353+05:30	EaseMyTrip	HTTPError: 404 Client Error: Not Found for url: https://api.lever.co/v0/postings/easemytrip?mode=json
2026-09-11T12:56:40.836257+05:30	Eat Club	HTTPError: 404 Client Error: Not Found for url: https://api.lever.co/v0/postings/eatclub?mode=json
2026-09-11T12:56:40.837539+05:30	Edelweiss Financial Services	HTTPError: 404 Client Error: Not Found for url: https://api.lever.co/v0/postings/edelweiss?mode=json
2026-09-11T12:56:40.837618+05:30	Eka Software	HTTPError: 404 Client Error: Not Found for url: https://api.lever.co/v0/postings/eka?mode=json
2026-09-11T12:56:41.030146+05:30	Euler Motors	HTTPError: 404 Client Error: Not Found for url: https://api.lever.co/v0/postings/eulermotors?mode=json
2026-09-11T12:56:41.213232+05:30	Exotel	HTTPError: 404 Client Error: Not Found for url: https://api.lever.co/v0/postings/exotel?mode=json
2026-09-11T12:56:42.071380+05:30	Fashinza	HTTPError: 404 Client Error: Not Found for url: https://api.lever.co/v0/postings/fashinza?mode=json
2026-09-11T12:56:42.071670+05:30	Fibe (EarlySalary)	HTTPError: 404 Client Error: Not Found for url: https://api.lever.co/v0/postings/earlysalary?mode=json
2026-09-11T12:56:42.071847+05:30	Groww	HTTPError: 404 Client Error: Not Found for url: https://api.lever.co/v0/postings/growwapp?mode=json
2026-09-11T12:56:42.144508+05:30	Haptik	HTTPError: 404 Client Error: Not Found for url: https://api.lever.co/v0/postings/haptik?mode=json
2026-09-11T12:56:43.063931+05:30	Housing.com	HTTPError: 404 Client Error: Not Found for url: https://api.lever.co/v0/postings/housing?mode=json
2026-09-11T12:56:44.154123+05:30	Icertis	HTTPError: 404 Client Error: Not Found for url: https://api.lever.co/v0/postings/icertis?mode=json
2026-09-11T12:56:46.403104+05:30	IIFL Finance	HTTPError: 404 Client Error: Not Found for url: https://api.lever.co/v0/postings/iifl?mode=json
2026-09-11T12:56:47.691459+05:30	ixigo	HTTPError: 404 Client Error: Not Found for url: https://api.lever.co/v0/postings/ixigo?mode=json
2026-09-11T12:56:47.692361+05:30	Keka HR	HTTPError: 404 Client Error: Not Found for url: https://api.lever.co/v0/postings/keka?mode=json
2026-09-11T12:56:47.692430+05:30	Kissht	HTTPError: 404 Client Error: Not Found for url: https://api.lever.co/v0/postings/kissht?mode=json
2026-09-11T12:56:47.692470+05:30	KreditBee	HTTPError: 404 Client Error: Not Found for url: https://api.lever.co/v0/postings/kreditbee?mode=json
2026-09-11T12:56:48.120738+05:30	Licious	HTTPError: 404 Client Error: Not Found for url: https://api.lever.co/v0/postings/licious?mode=json
2026-09-11T12:56:48.120859+05:30	Log9 Materials	HTTPError: 404 Client Error: Not Found for url: https://api.lever.co/v0/postings/log9materials?mode=json
2026-09-11T12:56:48.242486+05:30	MakeMyTrip	HTTPError: 404 Client Error: Not Found for url: https://api.lever.co/v0/postings/makemytrip?mode=json
2026-09-11T12:56:48.413916+05:30	Medikabazaar	HTTPError: 404 Client Error: Not Found for url: https://api.lever.co/v0/postings/medikabazaar?mode=json
2026-09-11T12:56:49.585419+05:30	Moglix	HTTPError: 404 Client Error: Not Found for url: https://api.lever.co/v0/postings/moglix?mode=json
2026-09-11T12:56:49.821532+05:30	MoneyTap	HTTPError: 404 Client Error: Not Found for url: https://api.lever.co/v0/postings/moneytap?mode=json
2026-09-11T12:56:50.523616+05:30	Mswipe	HTTPError: 404 Client Error: Not Found for url: https://api.lever.co/v0/postings/mswipe?mode=json
2026-09-11T12:56:52.739136+05:30	Ninjacart	HTTPError: 404 Client Error: Not Found for url: https://api.lever.co/v0/postings/ninjacart?mode=json
2026-09-11T12:56:53.926957+05:30	Niswey	HTTPError: 404 Client Error: Not Found for url: https://api.lever.co/v0/postings/niswey?mode=json
2026-09-11T12:56:53.927448+05:30	NoBroker	HTTPError: 404 Client Error: Not Found for url: https://api.lever.co/v0/postings/nobroker?mode=json
2026-09-11T12:56:53.927537+05:30	Ofbusiness	HTTPError: 404 Client Error: Not Found for url: https://api.lever.co/v0/postings/ofbusiness?mode=json
2026-09-11T12:56:54.015562+05:30	Ola Electric	HTTPError: 404 Client Error: Not Found for url: https://api.lever.co/v0/postings/olaelectric?mode=json
2026-09-11T12:56:54.458917+05:30	Paytm Money	HTTPError: 404 Client Error: Not Found for url: https://api.lever.co/v0/postings/paytmmoney?mode=json
2026-09-11T12:56:54.912707+05:30	PharmEasy	HTTPError: 404 Client Error: Not Found for url: https://api.lever.co/v0/postings/pharmeasy?mode=json
2026-09-11T12:56:54.912998+05:30	PhillipCapital India	HTTPError: 404 Client Error: Not Found for url: https://api.lever.co/v0/postings/phillipcapital?mode=json
2026-09-11T12:56:55.438897+05:30	Pristyn Care	HTTPError: 404 Client Error: Not Found for url: https://api.lever.co/v0/postings/pristyncare?mode=json
2026-09-11T12:56:55.939096+05:30	RateGain	HTTPError: 404 Client Error: Not Found for url: https://api.lever.co/v0/postings/rategain?mode=json
2026-09-11T12:56:56.169473+05:30	RenewBuy	HTTPError: 404 Client Error: Not Found for url: https://api.lever.co/v0/postings/renewbuy?mode=json
2026-09-11T12:57:00.126724+05:30	Samco Securities	HTTPError: 404 Client Error: Not Found for url: https://api.lever.co/v0/postings/samco?mode=json
2026-09-11T12:57:00.271285+05:30	Shiprocket	HTTPError: 404 Client Error: Not Found for url: https://api.lever.co/v0/postings/shiprocket?mode=json
2026-09-11T12:57:00.271668+05:30	Spinny	HTTPError: 404 Client Error: Not Found for url: https://api.lever.co/v0/postings/spinny?mode=json
2026-09-11T12:57:00.272082+05:30	Springworks	HTTPError: 404 Client Error: Not Found for url: https://api.lever.co/v0/postings/springworks?mode=json
2026-09-11T12:57:00.277379+05:30	Square Yards	HTTPError: 404 Client Error: Not Found for url: https://api.lever.co/v0/postings/squareyards?mode=json
2026-09-11T12:57:00.673258+05:30	Styli (Landmark Group)	HTTPError: 404 Client Error: Not Found for url: https://api.lever.co/v0/postings/styli?mode=json
2026-09-11T12:57:00.790676+05:30	sumHR	HTTPError: 404 Client Error: Not Found for url: https://api.lever.co/v0/postings/sumhr?mode=json
2026-09-11T12:57:01.244714+05:30	Tata 1mg	HTTPError: 404 Client Error: Not Found for url: https://api.lever.co/v0/postings/tata1mg?mode=json
2026-09-11T12:57:04.239849+05:30	Urban Company	HTTPError: 404 Client Error: Not Found for url: https://api.lever.co/v0/postings/urbanclap?mode=json
2026-09-11T12:57:04.240560+05:30	Vymo	HTTPError: 404 Client Error: Not Found for url: https://api.lever.co/v0/postings/vymo?mode=json
2026-09-11T12:57:04.240652+05:30	Yash Technologies	HTTPError: 404 Client Error: Not Found for url: https://api.lever.co/v0/postings/yash-technologies?mode=json
2026-09-11T12:57:04.240728+05:30	Zenoti	HTTPError: 404 Client Error: Not Found for url: https://api.lever.co/v0/postings/zenoti?mode=json
2026-09-11T12:57:06.676102+05:30	Zepto	HTTPError: 404 Client Error: Not Found for url: https://api.lever.co/v0/postings/zepto?mode=json
2026-09-11T12:57:06.676436+05:30	ZestMoney	HTTPError: 404 Client Error: Not Found for url: https://api.lever.co/v0/postings/zestmoney?mode=json
2026-09-11T12:57:06.676508+05:30	Zetwerk	HTTPError: 404 Client Error: Not Found for url: https://api.lever.co/v0/postings/zetwerk?mode=json
2026-09-11T12:57:06.695338+05:30	Zilingo India	HTTPError: 404 Client Error: Not Found for url: https://api.lever.co/v0/postings/zilingo?mode=json
2026-09-11T12:57:06.764296+05:30	Acko	HTTPError: 404 Client Error: Not Found for url: https://api.ashbyhq.com/posting-api/job-board/acko?includeCompensation=true
2026-09-11T12:57:06.885079+05:30	Agnikul Cosmos	HTTPError: 404 Client Error: Not Found for url: https://api.ashbyhq.com/posting-api/job-board/agnikul?includeCompensation=true
2026-09-11T12:57:07.069348+05:30	Airmeet	HTTPError: 404 Client Error: Not Found for url: https://api.ashbyhq.com/posting-api/job-board/airmeet?includeCompensation=true
2026-09-11T12:57:07.437201+05:30	Analytics Quotient	HTTPError: 404 Client Error: Not Found for url: https://api.ashbyhq.com/posting-api/job-board/analyticsquotient?includeCompensation=true
2026-09-11T12:57:07.993563+05:30	Apna	HTTPError: 404 Client Error: Not Found for url: https://api.ashbyhq.com/posting-api/job-board/apna-com?includeCompensation=true
2026-09-11T12:57:08.714600+05:30	Artivatic Data Labs	HTTPError: 404 Client Error: Not Found for url: https://api.ashbyhq.com/posting-api/job-board/artivatic?includeCompensation=true
2026-09-11T12:57:09.557610+05:30	Ather Energy	HTTPError: 404 Client Error: Not Found for url: https://api.ashbyhq.com/posting-api/job-board/atherenergy?includeCompensation=true
2026-09-11T12:57:10.443370+05:30	Avaamo	HTTPError: 404 Client Error: Not Found for url: https://api.ashbyhq.com/posting-api/job-board/avaamo?includeCompensation=true
2026-09-11T12:57:12.683135+05:30	Awfis	HTTPError: 404 Client Error: Not Found for url: https://api.ashbyhq.com/posting-api/job-board/awfis?includeCompensation=true
2026-09-11T12:57:12.809809+05:30	BetterPlace	HTTPError: 404 Client Error: Not Found for url: https://api.ashbyhq.com/posting-api/job-board/betterplace?includeCompensation=true
2026-09-11T12:57:12.916691+05:30	Bijak	HTTPError: 404 Client Error: Not Found for url: https://api.ashbyhq.com/posting-api/job-board/bijak?includeCompensation=true
2026-09-11T12:57:12.983730+05:30	Blinkit	HTTPError: 404 Client Error: Not Found for url: https://api.ashbyhq.com/posting-api/job-board/blinkit?includeCompensation=true
2026-09-11T12:57:13.056302+05:30	boAt (Imagine Marketing)	HTTPError: 404 Client Error: Not Found for url: https://api.ashbyhq.com/posting-api/job-board/imaginemarketingltd?includeCompensation=true
2026-09-11T12:57:13.228627+05:30	BRIDGEi2i Analytics	HTTPError: 404 Client Error: Not Found for url: https://api.ashbyhq.com/posting-api/job-board/bridgei2i?includeCompensation=true
2026-09-11T12:57:13.347824+05:30	Capillary Technologies	HTTPError: 404 Client Error: Not Found for url: https://api.ashbyhq.com/posting-api/job-board/capillary?includeCompensation=true
2026-09-11T12:57:13.660232+05:30	Cars24	HTTPError: 404 Client Error: Not Found for url: https://api.ashbyhq.com/posting-api/job-board/cars24?includeCompensation=true
2026-09-11T12:57:14.264197+05:30	Classmate (ITC)	HTTPError: 404 Client Error: Not Found for url: https://api.ashbyhq.com/posting-api/job-board/itc-classmate?includeCompensation=true
2026-09-11T12:57:14.928508+05:30	CloudSEK	HTTPError: 404 Client Error: Not Found for url: https://api.ashbyhq.com/posting-api/job-board/cloudsek?includeCompensation=true
2026-09-11T12:57:15.759543+05:30	Crayon Data	HTTPError: 404 Client Error: Not Found for url: https://api.ashbyhq.com/posting-api/job-board/crayondata?includeCompensation=true
2026-09-11T12:57:16.640893+05:30	Credgenics	HTTPError: 404 Client Error: Not Found for url: https://api.ashbyhq.com/posting-api/job-board/credgenics?includeCompensation=true
2026-09-11T12:57:18.877666+05:30	Cuemath	HTTPError: 404 Client Error: Not Found for url: https://api.ashbyhq.com/posting-api/job-board/cuemath?includeCompensation=true
2026-09-11T12:57:19.138445+05:30	DealShare	HTTPError: 404 Client Error: Not Found for url: https://api.ashbyhq.com/posting-api/job-board/dealshare?includeCompensation=true
2026-09-11T12:57:19.222425+05:30	DeHaat	HTTPError: 404 Client Error: Not Found for url: https://api.ashbyhq.com/posting-api/job-board/dehaat?includeCompensation=true
2026-09-11T12:57:19.295070+05:30	Digit Insurance	HTTPError: 404 Client Error: Not Found for url: https://api.ashbyhq.com/posting-api/job-board/digit?includeCompensation=true
2026-09-11T12:57:19.313143+05:30	Droom	HTTPError: 404 Client Error: Not Found for url: https://api.ashbyhq.com/posting-api/job-board/droom?includeCompensation=true
2026-09-11T12:57:19.440305+05:30	Eruditus	HTTPError: 404 Client Error: Not Found for url: https://api.ashbyhq.com/posting-api/job-board/eruditus?includeCompensation=true
2026-09-11T12:57:19.557349+05:30	Evalueserve	HTTPError: 404 Client Error: Not Found for url: https://api.ashbyhq.com/posting-api/job-board/evalueserve?includeCompensation=true
2026-09-11T12:57:19.868130+05:30	EXL Service	HTTPError: 404 Client Error: Not Found for url: https://api.ashbyhq.com/posting-api/job-board/exlservice?includeCompensation=true
2026-09-11T12:57:20.471493+05:30	Facilio	HTTPError: 404 Client Error: Not Found for url: https://api.ashbyhq.com/posting-api/job-board/facilio?includeCompensation=true
2026-09-11T12:57:21.195441+05:30	Fi Money	HTTPError: 404 Client Error: Not Found for url: https://api.ashbyhq.com/posting-api/job-board/epifi?includeCompensation=true
2026-09-11T12:57:21.961627+05:30	Finarkein Analytics	HTTPError: 404 Client Error: Not Found for url: https://api.ashbyhq.com/posting-api/job-board/finarkein?includeCompensation=true
2026-09-11T12:57:22.835556+05:30	FirstCry	HTTPError: 404 Client Error: Not Found for url: https://api.ashbyhq.com/posting-api/job-board/firstcry?includeCompensation=true
2026-09-11T12:57:25.093409+05:30	Fisdom	HTTPError: 404 Client Error: Not Found for url: https://api.ashbyhq.com/posting-api/job-board/fisdom?includeCompensation=true
2026-09-11T12:57:25.452193+05:30	GlobalBees	HTTPError: 404 Client Error: Not Found for url: https://api.ashbyhq.com/posting-api/job-board/globalbees?includeCompensation=true
2026-09-11T12:57:25.537126+05:30	Gnani AI	HTTPError: 404 Client Error: Not Found for url: https://api.ashbyhq.com/posting-api/job-board/gnani?includeCompensation=true
2026-09-11T12:57:25.572448+05:30	Gramener	HTTPError: 404 Client Error: Not Found for url: https://api.ashbyhq.com/posting-api/job-board/gramener?includeCompensation=true
2026-09-11T12:57:25.599093+05:30	Greenpanel	HTTPError: 404 Client Error: Not Found for url: https://api.ashbyhq.com/posting-api/job-board/greenpanel?includeCompensation=true
2026-09-11T12:57:25.665668+05:30	INDmoney	HTTPError: 404 Client Error: Not Found for url: https://api.ashbyhq.com/posting-api/job-board/indmoney?includeCompensation=true
2026-09-11T12:57:25.761707+05:30	Innoviti	HTTPError: 404 Client Error: Not Found for url: https://api.ashbyhq.com/posting-api/job-board/innoviti?includeCompensation=true
2026-09-11T12:57:26.090721+05:30	Intellect Design Arena	HTTPError: 404 Client Error: Not Found for url: https://api.ashbyhq.com/posting-api/job-board/intellectdesign?includeCompensation=true
2026-09-11T12:57:26.673746+05:30	Jar	HTTPError: 404 Client Error: Not Found for url: https://api.ashbyhq.com/posting-api/job-board/jar-app?includeCompensation=true
2026-09-11T12:57:27.394694+05:30	Josh (DailyHunt)	HTTPError: 404 Client Error: Not Found for url: https://api.ashbyhq.com/posting-api/job-board/josh?includeCompensation=true
2026-09-11T12:57:28.173001+05:30	Kaleyra	HTTPError: 404 Client Error: Not Found for url: https://api.ashbyhq.com/posting-api/job-board/kaleyra?includeCompensation=true
2026-09-11T12:57:29.024471+05:30	Karza Technologies	HTTPError: 404 Client Error: Not Found for url: https://api.ashbyhq.com/posting-api/job-board/karza?includeCompensation=true
2026-09-11T12:57:31.311743+05:30	Khatabook	HTTPError: 404 Client Error: Not Found for url: https://api.ashbyhq.com/posting-api/job-board/khatabook?includeCompensation=true
2026-09-11T12:57:31.774226+05:30	Kredivo	HTTPError: 404 Client Error: Not Found for url: https://api.ashbyhq.com/posting-api/job-board/kredivo?includeCompensation=true
2026-09-11T12:57:31.796266+05:30	Krutrim	HTTPError: 404 Client Error: Not Found for url: https://api.ashbyhq.com/posting-api/job-board/krutrim?includeCompensation=true
2026-09-11T12:57:31.838009+05:30	Kutumb	HTTPError: 404 Client Error: Not Found for url: https://api.ashbyhq.com/posting-api/job-board/kutumb?includeCompensation=true
2026-09-11T12:57:31.954098+05:30	Leegality	HTTPError: 404 Client Error: Not Found for url: https://api.ashbyhq.com/posting-api/job-board/leegality?includeCompensation=true
2026-09-11T12:57:31.956356+05:30	Lendingkart	HTTPError: 404 Client Error: Not Found for url: https://api.ashbyhq.com/posting-api/job-board/lendingkart?includeCompensation=true
2026-09-11T12:57:32.102146+05:30	Magicpin	HTTPError: 404 Client Error: Not Found for url: https://api.ashbyhq.com/posting-api/job-board/magicpin?includeCompensation=true
2026-09-11T12:57:32.300567+05:30	Manthan	HTTPError: 404 Client Error: Not Found for url: https://api.ashbyhq.com/posting-api/job-board/manthan?includeCompensation=true
2026-09-11T12:57:32.867592+05:30	MathCo (The Math Company)	HTTPError: 404 Client Error: Not Found for url: https://api.ashbyhq.com/posting-api/job-board/themathcompany?includeCompensation=true
2026-09-11T12:57:33.606115+05:30	MediBuddy	HTTPError: 404 Client Error: Not Found for url: https://api.ashbyhq.com/posting-api/job-board/medibuddy?includeCompensation=true
2026-09-11T12:57:34.373652+05:30	Mensa Brands	HTTPError: 404 Client Error: Not Found for url: https://api.ashbyhq.com/posting-api/job-board/mensabrands?includeCompensation=true
2026-09-11T12:57:35.374586+05:30	Mihup	HTTPError: 404 Client Error: Not Found for url: https://api.ashbyhq.com/posting-api/job-board/mihup?includeCompensation=true
2026-09-11T12:57:37.516502+05:30	Mobikwik	HTTPError: 404 Client Error: Not Found for url: https://api.ashbyhq.com/posting-api/job-board/mobikwik?includeCompensation=true
2026-09-11T12:57:38.004682+05:30	Moj (ShareChat)	HTTPError: 404 Client Error: Not Found for url: https://api.ashbyhq.com/posting-api/job-board/moj?includeCompensation=true
2026-09-11T12:57:38.286397+05:30	Nira Finance	HTTPError: 404 Client Error: Not Found for url: https://api.ashbyhq.com/posting-api/job-board/nira-finance?includeCompensation=true
2026-09-11T12:57:38.286514+05:30	Nucleus Software	HTTPError: 404 Client Error: Not Found for url: https://api.ashbyhq.com/posting-api/job-board/nucleussoftware?includeCompensation=true
2026-09-11T12:57:38.286576+05:30	Observe.AI	HTTPError: 404 Client Error: Not Found for url: https://api.ashbyhq.com/posting-api/job-board/observeai?includeCompensation=true
2026-09-11T12:57:38.296402+05:30	OkCredit	HTTPError: 404 Client Error: Not Found for url: https://api.ashbyhq.com/posting-api/job-board/okcredit?includeCompensation=true
2026-09-11T12:57:38.341353+05:30	Ola	HTTPError: 404 Client Error: Not Found for url: https://api.ashbyhq.com/posting-api/job-board/olacabs?includeCompensation=true
2026-09-11T12:57:38.520151+05:30	OneCode	HTTPError: 404 Client Error: Not Found for url: https://api.ashbyhq.com/posting-api/job-board/onecode?includeCompensation=true
2026-09-11T12:57:39.071063+05:30	OYO Rooms	HTTPError: 404 Client Error: Not Found for url: https://api.ashbyhq.com/posting-api/job-board/oyorooms?includeCompensation=true
2026-09-11T12:57:39.827230+05:30	Paperflite	HTTPError: 404 Client Error: Not Found for url: https://api.ashbyhq.com/posting-api/job-board/paperflite?includeCompensation=true
2026-09-11T12:57:40.948911+05:30	Pepper Content	HTTPError: 404 Client Error: Not Found for url: https://api.ashbyhq.com/posting-api/job-board/peppercontent?includeCompensation=true
2026-09-11T12:57:41.612238+05:30	Pepperfry	HTTPError: 404 Client Error: Not Found for url: https://api.ashbyhq.com/posting-api/job-board/pepperfry?includeCompensation=true
2026-09-11T12:57:43.727652+05:30	Physics Wallah	HTTPError: 404 Client Error: Not Found for url: https://api.ashbyhq.com/posting-api/job-board/physicswallah?includeCompensation=true
2026-09-11T12:57:44.227795+05:30	Pixxel	HTTPError: 404 Client Error: Not Found for url: https://api.ashbyhq.com/posting-api/job-board/pixxel?includeCompensation=true
2026-09-11T12:57:44.478072+05:30	Pocket FM	HTTPError: 404 Client Error: Not Found for url: https://api.ashbyhq.com/posting-api/job-board/pocketfm?includeCompensation=true
2026-09-11T12:57:44.647691+05:30	Pratilipi	HTTPError: 404 Client Error: Not Found for url: https://api.ashbyhq.com/posting-api/job-board/pratilipi?includeCompensation=true
2026-09-11T12:57:44.650875+05:30	Quantiphi	HTTPError: 404 Client Error: Not Found for url: https://api.ashbyhq.com/posting-api/job-board/quantiphi?includeCompensation=true
2026-09-11T12:57:44.650955+05:30	Recykal	HTTPError: 404 Client Error: Not Found for url: https://api.ashbyhq.com/posting-api/job-board/recykal?includeCompensation=true
2026-09-11T12:57:44.651014+05:30	Rupeek	HTTPError: 404 Client Error: Not Found for url: https://api.ashbyhq.com/posting-api/job-board/rupeek?includeCompensation=true
2026-09-11T12:57:44.733544+05:30	Sahamati	HTTPError: 404 Client Error: Not Found for url: https://api.ashbyhq.com/posting-api/job-board/sahamati?includeCompensation=true
2026-09-11T12:57:45.423210+05:30	ShareChat	HTTPError: 404 Client Error: Not Found for url: https://api.ashbyhq.com/posting-api/job-board/sharechat?includeCompensation=true
2026-09-11T12:57:46.148285+05:30	Skyroot Aerospace	HTTPError: 404 Client Error: Not Found for url: https://api.ashbyhq.com/posting-api/job-board/skyroot?includeCompensation=true
2026-09-11T12:57:47.231726+05:30	Slice	HTTPError: 404 Client Error: Not Found for url: https://api.ashbyhq.com/posting-api/job-board/sliceit?includeCompensation=true
2026-09-11T12:57:47.821255+05:30	Slintel (6sense India)	HTTPError: 404 Client Error: Not Found for url: https://api.ashbyhq.com/posting-api/job-board/slintel?includeCompensation=true
2026-09-11T12:57:49.955900+05:30	Smallcase	HTTPError: 404 Client Error: Not Found for url: https://api.ashbyhq.com/posting-api/job-board/smallcase?includeCompensation=true
2026-09-11T12:57:50.429832+05:30	Sprinto	HTTPError: 404 Client Error: Not Found for url: https://api.ashbyhq.com/posting-api/job-board/sprinto?includeCompensation=true
2026-09-11T12:57:50.683408+05:30	Stanza Living	HTTPError: 404 Client Error: Not Found for url: https://api.ashbyhq.com/posting-api/job-board/stanzaliving?includeCompensation=true
2026-09-11T12:57:50.830154+05:30	Stashfin	HTTPError: 404 Client Error: Not Found for url: https://api.ashbyhq.com/posting-api/job-board/stashfin?includeCompensation=true
2026-09-11T12:57:50.847972+05:30	Subex	HTTPError: 404 Client Error: Not Found for url: https://api.ashbyhq.com/posting-api/job-board/subex?includeCompensation=true
2026-09-11T12:57:50.925196+05:30	Sugar Cosmetics	HTTPError: 404 Client Error: Not Found for url: https://api.ashbyhq.com/posting-api/job-board/sugarcosmetics?includeCompensation=true
2026-09-11T12:57:50.958460+05:30	Suprsend	HTTPError: 404 Client Error: Not Found for url: https://api.ashbyhq.com/posting-api/job-board/suprsend?includeCompensation=true
2026-09-11T12:57:51.029768+05:30	Tata Digital	HTTPError: 404 Client Error: Not Found for url: https://api.ashbyhq.com/posting-api/job-board/tatadigital?includeCompensation=true
2026-09-11T12:57:51.634260+05:30	Toplyne	HTTPError: 404 Client Error: Not Found for url: https://api.ashbyhq.com/posting-api/job-board/toplyne?includeCompensation=true
2026-09-11T12:57:52.349628+05:30	Turtlemint	HTTPError: 404 Client Error: Not Found for url: https://api.ashbyhq.com/posting-api/job-board/turtlemint?includeCompensation=true
2026-09-11T12:57:53.441753+05:30	Udaan	HTTPError: 404 Client Error: Not Found for url: https://api.ashbyhq.com/posting-api/job-board/udaan?includeCompensation=true
2026-09-11T12:57:54.018590+05:30	Unacademy (Graphy)	HTTPError: 404 Client Error: Not Found for url: https://api.ashbyhq.com/posting-api/job-board/graphy?includeCompensation=true
2026-09-11T12:57:56.191406+05:30	Upstox	HTTPError: 404 Client Error: Not Found for url: https://api.ashbyhq.com/posting-api/job-board/upstox?includeCompensation=true
2026-09-11T12:57:56.632182+05:30	Verse Innovation (DailyHunt)	HTTPError: 404 Client Error: Not Found for url: https://api.ashbyhq.com/posting-api/job-board/verseinnovation?includeCompensation=true
2026-09-11T12:57:56.878237+05:30	Vokal	HTTPError: 404 Client Error: Not Found for url: https://api.ashbyhq.com/posting-api/job-board/vokal?includeCompensation=true
2026-09-11T12:57:57.054178+05:30	Wakefit	HTTPError: 404 Client Error: Not Found for url: https://api.ashbyhq.com/posting-api/job-board/wakefit?includeCompensation=true
2026-09-11T12:57:57.067682+05:30	Waycool	HTTPError: 404 Client Error: Not Found for url: https://api.ashbyhq.com/posting-api/job-board/waycool?includeCompensation=true
2026-09-11T12:57:57.133869+05:30	WNS Global Services	HTTPError: 404 Client Error: Not Found for url: https://api.ashbyhq.com/posting-api/job-board/wns?includeCompensation=true
2026-09-11T12:57:57.177832+05:30	Yellow.ai	HTTPError: 404 Client Error: Not Found for url: https://api.ashbyhq.com/posting-api/job-board/yellowai?includeCompensation=true
2026-09-11T12:57:57.241711+05:30	Yulu	HTTPError: 404 Client Error: Not Found for url: https://api.ashbyhq.com/posting-api/job-board/yulu?includeCompensation=true
2026-09-11T12:57:57.825914+05:30	Zeta Suite	HTTPError: 404 Client Error: Not Found for url: https://api.ashbyhq.com/posting-api/job-board/zeta?includeCompensation=true
2026-09-11T12:57:58.549003+05:30	Zomato	HTTPError: 404 Client Error: Not Found for url: https://api.ashbyhq.com/posting-api/job-board/zomato?includeCompensation=true
2026-09-11T12:57:59.647695+05:30	ZS Associates India	HTTPError: 404 Client Error: Not Found for url: https://api.ashbyhq.com/posting-api/job-board/zs-associates?includeCompensation=true
2026-09-11T14:15:05.398688+05:30	Absolutdata	HTTPError: 404 Client Error: Not Found for url: https://boards-api.greenhouse.io/v1/boards/absolutdata/jobs?content=true
2026-09-11T14:15:05.399294+05:30	Artoo	HTTPError: 404 Client Error: Not Found for url: https://boards-api.greenhouse.io/v1/boards/artoo/jobs?content=true
2026-09-11T14:15:05.410988+05:30	Arya.ai	HTTPError: 404 Client Error: Not Found for url: https://boards-api.greenhouse.io/v1/boards/arya-ai/jobs?content=true
2026-09-11T14:15:05.411229+05:30	Avail Finance	HTTPError: 404 Client Error: Not Found for url: https://boards-api.greenhouse.io/v1/boards/availfinance/jobs?content=true
2026-09-11T14:15:05.411332+05:30	Axtria	HTTPError: 404 Client Error: Not Found for url: https://boards-api.greenhouse.io/v1/boards/axtria/jobs?content=true
2026-09-11T14:15:05.411376+05:30	BharatPe	HTTPError: 404 Client Error: Not Found for url: https://boards-api.greenhouse.io/v1/boards/bharatpe/jobs?content=true
2026-09-11T14:15:05.573408+05:30	BrowserStack	HTTPError: 404 Client Error: Not Found for url: https://boards-api.greenhouse.io/v1/boards/browserstack/jobs?content=true
2026-09-11T14:15:05.637329+05:30	Cashfree	HTTPError: 404 Client Error: Not Found for url: https://boards-api.greenhouse.io/v1/boards/cashfree/jobs?content=true
2026-09-11T14:15:05.858942+05:30	Chargebee	HTTPError: 404 Client Error: Not Found for url: https://boards-api.greenhouse.io/v1/boards/chargebee/jobs?content=true
2026-09-11T14:15:06.113239+05:30	Classplus	HTTPError: 404 Client Error: Not Found for url: https://boards-api.greenhouse.io/v1/boards/classplus/jobs?content=true
2026-09-11T14:15:06.113367+05:30	Clevertap	HTTPError: 404 Client Error: Not Found for url: https://boards-api.greenhouse.io/v1/boards/clevertap/jobs?content=true
2026-09-11T14:15:07.066723+05:30	Cred Avenue	HTTPError: 404 Client Error: Not Found for url: https://boards-api.greenhouse.io/v1/boards/credavenue/jobs?content=true
2026-09-11T14:15:11.498672+05:30	Darwinbox	HTTPError: 404 Client Error: Not Found for url: https://boards-api.greenhouse.io/v1/boards/darwinbox/jobs?content=true
2026-09-11T14:15:11.608263+05:30	DataWeave	HTTPError: 404 Client Error: Not Found for url: https://boards-api.greenhouse.io/v1/boards/dataweave/jobs?content=true
2026-09-11T14:15:11.815600+05:30	Dunzo	HTTPError: 404 Client Error: Not Found for url: https://boards-api.greenhouse.io/v1/boards/dunzo/jobs?content=true
2026-09-11T14:15:11.924272+05:30	Eka Plus	HTTPError: 404 Client Error: Not Found for url: https://boards-api.greenhouse.io/v1/boards/ekaplus/jobs?content=true
2026-09-11T14:15:11.924877+05:30	ElasticRun	HTTPError: 404 Client Error: Not Found for url: https://boards-api.greenhouse.io/v1/boards/elasticrun/jobs?content=true
2026-09-11T14:15:11.997673+05:30	Exotel	HTTPError: 404 Client Error: Not Found for url: https://boards-api.greenhouse.io/v1/boards/exotel/jobs?content=true
2026-09-11T14:15:12.024593+05:30	Ezetap	HTTPError: 404 Client Error: Not Found for url: https://boards-api.greenhouse.io/v1/boards/ezetap/jobs?content=true
2026-09-11T14:15:12.104618+05:30	Fampay	HTTPError: 404 Client Error: Not Found for url: https://boards-api.greenhouse.io/v1/boards/fampay/jobs?content=true
2026-09-11T14:15:12.359687+05:30	Flutura	HTTPError: 404 Client Error: Not Found for url: https://boards-api.greenhouse.io/v1/boards/flutura/jobs?content=true
2026-09-11T14:15:12.379024+05:30	Fractal Analytics	HTTPError: 404 Client Error: Not Found for url: https://boards-api.greenhouse.io/v1/boards/fractal/jobs?content=true
2026-09-11T14:15:12.613583+05:30	Freo	HTTPError: 404 Client Error: Not Found for url: https://boards-api.greenhouse.io/v1/boards/freo/jobs?content=true
2026-09-11T14:15:13.233411+05:30	Freshworks	HTTPError: 404 Client Error: Not Found for url: https://boards-api.greenhouse.io/v1/boards/freshworks/jobs?content=true
2026-09-11T14:15:17.980702+05:30	Gojek India	HTTPError: 404 Client Error: Not Found for url: https://boards-api.greenhouse.io/v1/boards/gojek/jobs?content=true
2026-09-11T14:15:18.116947+05:30	Great Learning	HTTPError: 404 Client Error: Not Found for url: https://boards-api.greenhouse.io/v1/boards/greatlearning/jobs?content=true
2026-09-11T14:15:18.121211+05:30	Gupshup	HTTPError: 404 Client Error: Not Found for url: https://boards-api.greenhouse.io/v1/boards/gupshup/jobs?content=true
2026-09-11T14:15:18.144375+05:30	Happay	HTTPError: 404 Client Error: Not Found for url: https://boards-api.greenhouse.io/v1/boards/happay/jobs?content=true
2026-09-11T14:15:18.208520+05:30	Happiest Minds	HTTPError: 404 Client Error: Not Found for url: https://boards-api.greenhouse.io/v1/boards/happiestminds/jobs?content=true
2026-09-11T14:15:18.309496+05:30	Hasura	HTTPError: 404 Client Error: Not Found for url: https://boards-api.greenhouse.io/v1/boards/hasura/jobs?content=true
2026-09-11T14:15:18.551666+05:30	Healthplix	HTTPError: 404 Client Error: Not Found for url: https://boards-api.greenhouse.io/v1/boards/healthplix/jobs?content=true
2026-09-11T14:15:18.701937+05:30	Helpshift	HTTPError: 404 Client Error: Not Found for url: https://boards-api.greenhouse.io/v1/boards/helpshift/jobs?content=true
2026-09-11T14:15:18.761919+05:30	iNeuron	HTTPError: 404 Client Error: Not Found for url: https://boards-api.greenhouse.io/v1/boards/ineuron/jobs?content=true
2026-09-11T14:15:18.889974+05:30	Innovaccer	HTTPError: 404 Client Error: Not Found for url: https://boards-api.greenhouse.io/v1/boards/innovaccer/jobs?content=true
2026-09-11T14:15:19.237468+05:30	Juspay	HTTPError: 404 Client Error: Not Found for url: https://boards-api.greenhouse.io/v1/boards/juspay/jobs?content=true
2026-09-11T14:15:19.381664+05:30	Kapture CRM	HTTPError: 404 Client Error: Not Found for url: https://boards-api.greenhouse.io/v1/boards/kapture/jobs?content=true
2026-09-11T14:15:24.131554+05:30	Konversai	HTTPError: 404 Client Error: Not Found for url: https://boards-api.greenhouse.io/v1/boards/konversai/jobs?content=true
2026-09-11T14:15:24.316094+05:30	Kredx	HTTPError: 404 Client Error: Not Found for url: https://boards-api.greenhouse.io/v1/boards/kredx/jobs?content=true
2026-09-11T14:15:24.324612+05:30	LatentView Analytics	HTTPError: 404 Client Error: Not Found for url: https://boards-api.greenhouse.io/v1/boards/latentview/jobs?content=true
2026-09-11T14:15:24.332964+05:30	LeadSquared	HTTPError: 404 Client Error: Not Found for url: https://boards-api.greenhouse.io/v1/boards/leadsquared/jobs?content=true
2026-09-11T14:15:24.390739+05:30	Lenskart	HTTPError: 404 Client Error: Not Found for url: https://boards-api.greenhouse.io/v1/boards/lenskart/jobs?content=true
2026-09-11T14:15:24.456255+05:30	Mad Street Den	HTTPError: 404 Client Error: Not Found for url: https://boards-api.greenhouse.io/v1/boards/madstreetden/jobs?content=true
2026-09-11T14:15:24.759597+05:30	Mamaearth	HTTPError: 404 Client Error: Not Found for url: https://boards-api.greenhouse.io/v1/boards/mamaearth/jobs?content=true
2026-09-11T14:15:24.939052+05:30	Mintifi	HTTPError: 404 Client Error: Not Found for url: https://boards-api.greenhouse.io/v1/boards/mintifi/jobs?content=true
2026-09-11T14:15:25.155055+05:30	MoEngage	HTTPError: 404 Client Error: Not Found for url: https://boards-api.greenhouse.io/v1/boards/moengage/jobs?content=true
2026-09-11T14:15:25.155198+05:30	Moxo	HTTPError: 404 Client Error: Not Found for url: https://boards-api.greenhouse.io/v1/boards/moxo/jobs?content=true
2026-09-11T14:15:25.399289+05:30	Mu Sigma	HTTPError: 404 Client Error: Not Found for url: https://boards-api.greenhouse.io/v1/boards/mu-sigma/jobs?content=true
2026-09-11T14:15:25.553385+05:30	Navi Technologies	HTTPError: 404 Client Error: Not Found for url: https://boards-api.greenhouse.io/v1/boards/navi/jobs?content=true
2026-09-11T14:15:30.268868+05:30	Netcore Cloud	HTTPError: 404 Client Error: Not Found for url: https://boards-api.greenhouse.io/v1/boards/netcorecloud/jobs?content=true
2026-09-11T14:15:30.442487+05:30	Niramai	HTTPError: 404 Client Error: Not Found for url: https://boards-api.greenhouse.io/v1/boards/niramai/jobs?content=true
2026-09-11T14:15:30.658050+05:30	Niyo	HTTPError: 404 Client Error: Not Found for url: https://boards-api.greenhouse.io/v1/boards/niyo/jobs?content=true
2026-09-11T14:15:30.678533+05:30	Numberz	HTTPError: 404 Client Error: Not Found for url: https://boards-api.greenhouse.io/v1/boards/numberz/jobs?content=true
2026-09-11T14:15:30.703835+05:30	Open Financial	HTTPError: 404 Client Error: Not Found for url: https://boards-api.greenhouse.io/v1/boards/open-financial/jobs?content=true
2026-09-11T14:15:31.084250+05:30	Perfios	HTTPError: 404 Client Error: Not Found for url: https://boards-api.greenhouse.io/v1/boards/perfios/jobs?content=true
2026-09-11T14:15:31.150233+05:30	Portea Medical	HTTPError: 404 Client Error: Not Found for url: https://boards-api.greenhouse.io/v1/boards/portea/jobs?content=true
2026-09-11T14:15:31.306776+05:30	Practo	HTTPError: 404 Client Error: Not Found for url: https://boards-api.greenhouse.io/v1/boards/practo/jobs?content=true
2026-09-11T14:15:31.407519+05:30	Progcap	HTTPError: 404 Client Error: Not Found for url: https://boards-api.greenhouse.io/v1/boards/progcap/jobs?content=true
2026-09-11T14:15:31.640017+05:30	Purplle	HTTPError: 404 Client Error: Not Found for url: https://boards-api.greenhouse.io/v1/boards/purplle/jobs?content=true
2026-09-11T14:15:31.701838+05:30	Razorpay	HTTPError: 404 Client Error: Not Found for url: https://boards-api.greenhouse.io/v1/boards/razorpay/jobs?content=true
2026-09-11T14:15:32.167063+05:30	Rivigo	HTTPError: 404 Client Error: Not Found for url: https://boards-api.greenhouse.io/v1/boards/rivigo/jobs?content=true
2026-09-11T14:15:36.842446+05:30	Salesken	HTTPError: 404 Client Error: Not Found for url: https://boards-api.greenhouse.io/v1/boards/salesken/jobs?content=true
2026-09-11T14:15:36.903534+05:30	Scaler	HTTPError: 404 Client Error: Not Found for url: https://boards-api.greenhouse.io/v1/boards/scaler/jobs?content=true
2026-09-11T14:15:36.988746+05:30	Setu	HTTPError: 404 Client Error: Not Found for url: https://boards-api.greenhouse.io/v1/boards/setu/jobs?content=true
2026-09-11T14:15:37.264228+05:30	Shadowfax	HTTPError: 404 Client Error: Not Found for url: https://boards-api.greenhouse.io/v1/boards/shadowfax/jobs?content=true
2026-09-11T14:15:37.336716+05:30	Signzy	HTTPError: 404 Client Error: Not Found for url: https://boards-api.greenhouse.io/v1/boards/signzy/jobs?content=true
2026-09-11T14:15:37.336830+05:30	Simplilearn	HTTPError: 404 Client Error: Not Found for url: https://boards-api.greenhouse.io/v1/boards/simplilearn/jobs?content=true
2026-09-11T14:15:37.348807+05:30	Sprinklr	HTTPError: 404 Client Error: Not Found for url: https://boards-api.greenhouse.io/v1/boards/sprinklr/jobs?content=true
2026-09-11T14:15:37.454122+05:30	Teachmint	HTTPError: 404 Client Error: Not Found for url: https://boards-api.greenhouse.io/v1/boards/teachmint/jobs?content=true
2026-09-11T14:15:37.681438+05:30	Tiger Analytics	HTTPError: 404 Client Error: Not Found for url: https://boards-api.greenhouse.io/v1/boards/tigeranalytics/jobs?content=true
2026-09-11T14:15:37.785447+05:30	Unacademy	HTTPError: 404 Client Error: Not Found for url: https://boards-api.greenhouse.io/v1/boards/unacademy/jobs?content=true
2026-09-11T14:15:37.840909+05:30	Uniphore	HTTPError: 404 Client Error: Not Found for url: https://boards-api.greenhouse.io/v1/boards/uniphore/jobs?content=true
2026-09-11T14:15:38.310101+05:30	upGrad	HTTPError: 404 Client Error: Not Found for url: https://boards-api.greenhouse.io/v1/boards/upgrad/jobs?content=true
2026-09-11T14:15:43.002111+05:30	Vedantu	HTTPError: 404 Client Error: Not Found for url: https://boards-api.greenhouse.io/v1/boards/vedantu/jobs?content=true
2026-09-11T14:15:43.048777+05:30	Vyapar	HTTPError: 404 Client Error: Not Found for url: https://boards-api.greenhouse.io/v1/boards/vyapar/jobs?content=true
2026-09-11T14:15:43.384943+05:30	WebEngage	HTTPError: 404 Client Error: Not Found for url: https://boards-api.greenhouse.io/v1/boards/webengage/jobs?content=true
2026-09-11T14:15:43.418677+05:30	Whatfix	HTTPError: 404 Client Error: Not Found for url: https://boards-api.greenhouse.io/v1/boards/whatfix/jobs?content=true
2026-09-11T14:15:43.463098+05:30	Yubi (CredAvenue)	HTTPError: 404 Client Error: Not Found for url: https://boards-api.greenhouse.io/v1/boards/yubi/jobs?content=true
2026-09-11T14:15:43.533994+05:30	Zivame	HTTPError: 404 Client Error: Not Found for url: https://boards-api.greenhouse.io/v1/boards/zivame/jobs?content=true
2026-09-11T14:15:43.714117+05:30	Zowork	HTTPError: 404 Client Error: Not Found for url: https://boards-api.greenhouse.io/v1/boards/zowork/jobs?content=true
2026-09-11T14:15:44.680104+05:30	5Paisa Capital	HTTPError: 404 Client Error: Not Found for url: https://api.lever.co/v0/postings/5paisa?mode=json
2026-09-11T14:15:44.999770+05:30	Angel One	HTTPError: 404 Client Error: Not Found for url: https://api.lever.co/v0/postings/angelone?mode=json
2026-09-11T14:15:47.235604+05:30	Apollo 24/7	HTTPError: 404 Client Error: Not Found for url: https://api.lever.co/v0/postings/apollo247?mode=json
2026-09-11T14:15:47.236321+05:30	Aster DM Healthcare	HTTPError: 404 Client Error: Not Found for url: https://api.lever.co/v0/postings/asterdm?mode=json
2026-09-11T14:15:47.253251+05:30	Bizongo	HTTPError: 404 Client Error: Not Found for url: https://api.lever.co/v0/postings/bizongo?mode=json
2026-09-11T14:15:50.082269+05:30	BlackBuck	HTTPError: 404 Client Error: Not Found for url: https://api.lever.co/v0/postings/blackbuck?mode=json
2026-09-11T14:15:52.390722+05:30	Blowhorn	HTTPError: 404 Client Error: Not Found for url: https://api.lever.co/v0/postings/blowhorn?mode=json
2026-09-11T14:15:52.391358+05:30	Climes	HTTPError: 404 Client Error: Not Found for url: https://api.lever.co/v0/postings/climes?mode=json
2026-09-11T14:15:52.391429+05:30	Country Delight	HTTPError: 404 Client Error: Not Found for url: https://api.lever.co/v0/postings/countrydelight?mode=json
2026-09-11T14:15:52.391468+05:30	Coverfox	HTTPError: 404 Client Error: Not Found for url: https://api.lever.co/v0/postings/coverfox?mode=json
2026-09-11T14:15:52.391504+05:30	Cure.fit	HTTPError: 404 Client Error: Not Found for url: https://api.lever.co/v0/postings/curefit?mode=json
2026-09-11T14:15:52.391534+05:30	Delhivery	HTTPError: 404 Client Error: Not Found for url: https://api.lever.co/v0/postings/delhivery?mode=json
2026-09-11T14:15:52.391566+05:30	EaseMyTrip	HTTPError: 404 Client Error: Not Found for url: https://api.lever.co/v0/postings/easemytrip?mode=json
2026-09-11T14:15:52.455055+05:30	Eat Club	HTTPError: 404 Client Error: Not Found for url: https://api.lever.co/v0/postings/eatclub?mode=json
2026-09-11T14:15:53.182661+05:30	Edelweiss Financial Services	HTTPError: 404 Client Error: Not Found for url: https://api.lever.co/v0/postings/edelweiss?mode=json
2026-09-11T14:15:54.359984+05:30	Eka Software	HTTPError: 404 Client Error: Not Found for url: https://api.lever.co/v0/postings/eka?mode=json
2026-09-11T14:15:54.360806+05:30	Euler Motors	HTTPError: 404 Client Error: Not Found for url: https://api.lever.co/v0/postings/eulermotors?mode=json
2026-09-11T14:15:57.187258+05:30	Exotel	HTTPError: 404 Client Error: Not Found for url: https://api.lever.co/v0/postings/exotel?mode=json
2026-09-11T14:15:57.724300+05:30	Fashinza	HTTPError: 404 Client Error: Not Found for url: https://api.lever.co/v0/postings/fashinza?mode=json
2026-09-11T14:15:57.724792+05:30	Fibe (EarlySalary)	HTTPError: 404 Client Error: Not Found for url: https://api.lever.co/v0/postings/earlysalary?mode=json
2026-09-11T14:15:57.992251+05:30	Groww	HTTPError: 404 Client Error: Not Found for url: https://api.lever.co/v0/postings/growwapp?mode=json
2026-09-11T14:15:58.012321+05:30	Haptik	HTTPError: 404 Client Error: Not Found for url: https://api.lever.co/v0/postings/haptik?mode=json
2026-09-11T14:15:59.190395+05:30	Housing.com	HTTPError: 404 Client Error: Not Found for url: https://api.lever.co/v0/postings/housing?mode=json
2026-09-11T14:15:59.249588+05:30	Icertis	HTTPError: 404 Client Error: Not Found for url: https://api.lever.co/v0/postings/icertis?mode=json
2026-09-11T14:15:59.921057+05:30	IIFL Finance	HTTPError: 404 Client Error: Not Found for url: https://api.lever.co/v0/postings/iifl?mode=json
2026-09-11T14:15:59.921169+05:30	ixigo	HTTPError: 404 Client Error: Not Found for url: https://api.lever.co/v0/postings/ixigo?mode=json
2026-09-11T14:16:03.616368+05:30	Keka HR	HTTPError: 404 Client Error: Not Found for url: https://api.lever.co/v0/postings/keka?mode=json
2026-09-11T14:16:03.617241+05:30	Kissht	HTTPError: 404 Client Error: Not Found for url: https://api.lever.co/v0/postings/kissht?mode=json
2026-09-11T14:16:03.617284+05:30	KreditBee	HTTPError: 404 Client Error: Not Found for url: https://api.lever.co/v0/postings/kreditbee?mode=json
2026-09-11T14:16:04.793211+05:30	Licious	HTTPError: 404 Client Error: Not Found for url: https://api.lever.co/v0/postings/licious?mode=json
2026-09-11T14:16:04.837270+05:30	Log9 Materials	HTTPError: 404 Client Error: Not Found for url: https://api.lever.co/v0/postings/log9materials?mode=json
2026-09-11T14:16:05.258071+05:30	MakeMyTrip	HTTPError: 404 Client Error: Not Found for url: https://api.lever.co/v0/postings/makemytrip?mode=json
2026-09-11T14:16:05.258924+05:30	Medikabazaar	HTTPError: 404 Client Error: Not Found for url: https://api.lever.co/v0/postings/medikabazaar?mode=json
2026-09-11T14:16:06.316938+05:30	Moglix	HTTPError: 404 Client Error: Not Found for url: https://api.lever.co/v0/postings/moglix?mode=json
2026-09-11T14:16:06.826708+05:30	MoneyTap	HTTPError: 404 Client Error: Not Found for url: https://api.lever.co/v0/postings/moneytap?mode=json
2026-09-11T14:16:07.037556+05:30	Mswipe	HTTPError: 404 Client Error: Not Found for url: https://api.lever.co/v0/postings/mswipe?mode=json
2026-09-11T14:16:07.037744+05:30	Ninjacart	HTTPError: 404 Client Error: Not Found for url: https://api.lever.co/v0/postings/ninjacart?mode=json
2026-09-11T14:16:07.088827+05:30	Niswey	HTTPError: 404 Client Error: Not Found for url: https://api.lever.co/v0/postings/niswey?mode=json
2026-09-11T14:16:08.569919+05:30	NoBroker	HTTPError: 404 Client Error: Not Found for url: https://api.lever.co/v0/postings/nobroker?mode=json
2026-09-11T14:16:10.079676+05:30	Ofbusiness	HTTPError: 404 Client Error: Not Found for url: https://api.lever.co/v0/postings/ofbusiness?mode=json
2026-09-11T14:16:10.722273+05:30	Ola Electric	HTTPError: 404 Client Error: Not Found for url: https://api.lever.co/v0/postings/olaelectric?mode=json
2026-09-11T14:16:11.943598+05:30	Paytm Money	HTTPError: 404 Client Error: Not Found for url: https://api.lever.co/v0/postings/paytmmoney?mode=json
2026-09-11T14:16:13.686126+05:30	PharmEasy	HTTPError: 404 Client Error: Not Found for url: https://api.lever.co/v0/postings/pharmeasy?mode=json
2026-09-11T14:16:13.686846+05:30	PhillipCapital India	HTTPError: 404 Client Error: Not Found for url: https://api.lever.co/v0/postings/phillipcapital?mode=json
2026-09-11T14:16:14.092852+05:30	Pristyn Care	HTTPError: 404 Client Error: Not Found for url: https://api.lever.co/v0/postings/pristyncare?mode=json
2026-09-11T14:16:14.093283+05:30	RateGain	HTTPError: 404 Client Error: Not Found for url: https://api.lever.co/v0/postings/rategain?mode=json
2026-09-11T14:16:14.093336+05:30	RenewBuy	HTTPError: 404 Client Error: Not Found for url: https://api.lever.co/v0/postings/renewbuy?mode=json
2026-09-11T14:16:14.144550+05:30	Samco Securities	HTTPError: 404 Client Error: Not Found for url: https://api.lever.co/v0/postings/samco?mode=json
2026-09-11T14:16:14.468416+05:30	Shiprocket	HTTPError: 404 Client Error: Not Found for url: https://api.lever.co/v0/postings/shiprocket?mode=json
2026-09-11T14:16:14.597112+05:30	Spinny	HTTPError: 404 Client Error: Not Found for url: https://api.lever.co/v0/postings/spinny?mode=json
2026-09-11T14:16:16.053521+05:30	Springworks	HTTPError: 404 Client Error: Not Found for url: https://api.lever.co/v0/postings/springworks?mode=json
2026-09-11T14:16:17.120412+05:30	Square Yards	HTTPError: 404 Client Error: Not Found for url: https://api.lever.co/v0/postings/squareyards?mode=json
2026-09-11T14:16:17.769439+05:30	Styli (Landmark Group)	HTTPError: 404 Client Error: Not Found for url: https://api.lever.co/v0/postings/styli?mode=json
2026-09-11T14:16:19.140676+05:30	sumHR	HTTPError: 404 Client Error: Not Found for url: https://api.lever.co/v0/postings/sumhr?mode=json
2026-09-11T14:16:21.025482+05:30	Tata 1mg	HTTPError: 404 Client Error: Not Found for url: https://api.lever.co/v0/postings/tata1mg?mode=json
2026-09-11T14:16:21.025706+05:30	Urban Company	HTTPError: 404 Client Error: Not Found for url: https://api.lever.co/v0/postings/urbanclap?mode=json
2026-09-11T14:16:21.025792+05:30	Vymo	HTTPError: 404 Client Error: Not Found for url: https://api.lever.co/v0/postings/vymo?mode=json
2026-09-11T14:16:21.855870+05:30	Yash Technologies	HTTPError: 404 Client Error: Not Found for url: https://api.lever.co/v0/postings/yash-technologies?mode=json
2026-09-11T14:16:22.548981+05:30	Zenoti	HTTPError: 404 Client Error: Not Found for url: https://api.lever.co/v0/postings/zenoti?mode=json
2026-09-11T14:16:22.550382+05:30	Zepto	HTTPError: 404 Client Error: Not Found for url: https://api.lever.co/v0/postings/zepto?mode=json
2026-09-11T14:16:22.550492+05:30	ZestMoney	HTTPError: 404 Client Error: Not Found for url: https://api.lever.co/v0/postings/zestmoney?mode=json
2026-09-11T14:16:22.550535+05:30	Zetwerk	HTTPError: 404 Client Error: Not Found for url: https://api.lever.co/v0/postings/zetwerk?mode=json
2026-09-11T14:16:25.581202+05:30	Zilingo India	HTTPError: 404 Client Error: Not Found for url: https://api.lever.co/v0/postings/zilingo?mode=json
2026-09-11T14:16:25.582332+05:30	Acko	HTTPError: 404 Client Error: Not Found for url: https://api.ashbyhq.com/posting-api/job-board/acko?includeCompensation=true
2026-09-11T14:16:25.582418+05:30	Agnikul Cosmos	HTTPError: 404 Client Error: Not Found for url: https://api.ashbyhq.com/posting-api/job-board/agnikul?includeCompensation=true
2026-09-11T14:16:25.582462+05:30	Airmeet	HTTPError: 404 Client Error: Not Found for url: https://api.ashbyhq.com/posting-api/job-board/airmeet?includeCompensation=true
2026-09-11T14:16:26.750984+05:30	Analytics Quotient	HTTPError: 404 Client Error: Not Found for url: https://api.ashbyhq.com/posting-api/job-board/analyticsquotient?includeCompensation=true
2026-09-11T14:16:27.029933+05:30	Apna	HTTPError: 404 Client Error: Not Found for url: https://api.ashbyhq.com/posting-api/job-board/apna-com?includeCompensation=true
2026-09-11T14:16:27.140584+05:30	Artivatic Data Labs	HTTPError: 404 Client Error: Not Found for url: https://api.ashbyhq.com/posting-api/job-board/artivatic?includeCompensation=true
2026-09-11T14:16:27.684942+05:30	Ather Energy	HTTPError: 404 Client Error: Not Found for url: https://api.ashbyhq.com/posting-api/job-board/atherenergy?includeCompensation=true
2026-09-11T14:16:27.934628+05:30	Avaamo	HTTPError: 404 Client Error: Not Found for url: https://api.ashbyhq.com/posting-api/job-board/avaamo?includeCompensation=true
2026-09-11T14:16:27.981794+05:30	Awfis	HTTPError: 404 Client Error: Not Found for url: https://api.ashbyhq.com/posting-api/job-board/awfis?includeCompensation=true
2026-09-11T14:16:28.158100+05:30	BetterPlace	HTTPError: 404 Client Error: Not Found for url: https://api.ashbyhq.com/posting-api/job-board/betterplace?includeCompensation=true
2026-09-11T14:16:28.708138+05:30	Bijak	HTTPError: 404 Client Error: Not Found for url: https://api.ashbyhq.com/posting-api/job-board/bijak?includeCompensation=true
2026-09-11T14:16:30.094504+05:30	Blinkit	HTTPError: 404 Client Error: Not Found for url: https://api.ashbyhq.com/posting-api/job-board/blinkit?includeCompensation=true
2026-09-11T14:16:30.169052+05:30	boAt (Imagine Marketing)	HTTPError: 404 Client Error: Not Found for url: https://api.ashbyhq.com/posting-api/job-board/imaginemarketingltd?includeCompensation=true
2026-09-11T14:16:31.446258+05:30	BRIDGEi2i Analytics	HTTPError: 404 Client Error: Not Found for url: https://api.ashbyhq.com/posting-api/job-board/bridgei2i?includeCompensation=true
2026-09-11T14:16:31.771569+05:30	Capillary Technologies	HTTPError: 404 Client Error: Not Found for url: https://api.ashbyhq.com/posting-api/job-board/capillary?includeCompensation=true
2026-09-11T14:16:32.869049+05:30	Cars24	HTTPError: 404 Client Error: Not Found for url: https://api.ashbyhq.com/posting-api/job-board/cars24?includeCompensation=true
2026-09-11T14:16:33.192984+05:30	Classmate (ITC)	HTTPError: 404 Client Error: Not Found for url: https://api.ashbyhq.com/posting-api/job-board/itc-classmate?includeCompensation=true
2026-09-11T14:16:33.267543+05:30	CloudSEK	HTTPError: 404 Client Error: Not Found for url: https://api.ashbyhq.com/posting-api/job-board/cloudsek?includeCompensation=true
2026-09-11T14:16:33.801838+05:30	Crayon Data	HTTPError: 404 Client Error: Not Found for url: https://api.ashbyhq.com/posting-api/job-board/crayondata?includeCompensation=true
2026-09-11T14:16:34.050951+05:30	Credgenics	HTTPError: 404 Client Error: Not Found for url: https://api.ashbyhq.com/posting-api/job-board/credgenics?includeCompensation=true
2026-09-11T14:16:34.105792+05:30	Cuemath	HTTPError: 404 Client Error: Not Found for url: https://api.ashbyhq.com/posting-api/job-board/cuemath?includeCompensation=true
2026-09-11T14:16:34.346827+05:30	DealShare	HTTPError: 404 Client Error: Not Found for url: https://api.ashbyhq.com/posting-api/job-board/dealshare?includeCompensation=true
2026-09-11T14:16:34.832049+05:30	DeHaat	HTTPError: 404 Client Error: Not Found for url: https://api.ashbyhq.com/posting-api/job-board/dehaat?includeCompensation=true
2026-09-11T14:16:36.213922+05:30	Digit Insurance	HTTPError: 404 Client Error: Not Found for url: https://api.ashbyhq.com/posting-api/job-board/digit?includeCompensation=true
2026-09-11T14:16:36.308588+05:30	Droom	HTTPError: 404 Client Error: Not Found for url: https://api.ashbyhq.com/posting-api/job-board/droom?includeCompensation=true
2026-09-11T14:16:37.589608+05:30	Eruditus	HTTPError: 404 Client Error: Not Found for url: https://api.ashbyhq.com/posting-api/job-board/eruditus?includeCompensation=true
2026-09-11T14:16:37.884218+05:30	Evalueserve	HTTPError: 404 Client Error: Not Found for url: https://api.ashbyhq.com/posting-api/job-board/evalueserve?includeCompensation=true
2026-09-11T14:16:38.983057+05:30	EXL Service	HTTPError: 404 Client Error: Not Found for url: https://api.ashbyhq.com/posting-api/job-board/exlservice?includeCompensation=true
2026-09-11T14:16:39.328977+05:30	Facilio	HTTPError: 404 Client Error: Not Found for url: https://api.ashbyhq.com/posting-api/job-board/facilio?includeCompensation=true
2026-09-11T14:16:39.406491+05:30	Fi Money	HTTPError: 404 Client Error: Not Found for url: https://api.ashbyhq.com/posting-api/job-board/epifi?includeCompensation=true
2026-09-11T14:16:39.930171+05:30	Finarkein Analytics	HTTPError: 404 Client Error: Not Found for url: https://api.ashbyhq.com/posting-api/job-board/finarkein?includeCompensation=true
2026-09-11T14:16:40.170083+05:30	FirstCry	HTTPError: 404 Client Error: Not Found for url: https://api.ashbyhq.com/posting-api/job-board/firstcry?includeCompensation=true
2026-09-11T14:16:40.230532+05:30	Fisdom	HTTPError: 404 Client Error: Not Found for url: https://api.ashbyhq.com/posting-api/job-board/fisdom?includeCompensation=true
2026-09-11T14:16:40.538605+05:30	GlobalBees	HTTPError: 404 Client Error: Not Found for url: https://api.ashbyhq.com/posting-api/job-board/globalbees?includeCompensation=true
2026-09-11T14:16:41.077999+05:30	Gnani AI	HTTPError: 404 Client Error: Not Found for url: https://api.ashbyhq.com/posting-api/job-board/gnani?includeCompensation=true
2026-09-11T14:16:42.330897+05:30	Gramener	HTTPError: 404 Client Error: Not Found for url: https://api.ashbyhq.com/posting-api/job-board/gramener?includeCompensation=true
2026-09-11T14:16:42.429356+05:30	Greenpanel	HTTPError: 404 Client Error: Not Found for url: https://api.ashbyhq.com/posting-api/job-board/greenpanel?includeCompensation=true
2026-09-11T14:16:43.716774+05:30	INDmoney	HTTPError: 404 Client Error: Not Found for url: https://api.ashbyhq.com/posting-api/job-board/indmoney?includeCompensation=true
2026-09-11T14:16:44.002048+05:30	Innoviti	HTTPError: 404 Client Error: Not Found for url: https://api.ashbyhq.com/posting-api/job-board/innoviti?includeCompensation=true
2026-09-11T14:16:45.113469+05:30	Intellect Design Arena	HTTPError: 404 Client Error: Not Found for url: https://api.ashbyhq.com/posting-api/job-board/intellectdesign?includeCompensation=true
2026-09-11T14:16:45.440862+05:30	Jar	HTTPError: 404 Client Error: Not Found for url: https://api.ashbyhq.com/posting-api/job-board/jar-app?includeCompensation=true
2026-09-11T14:16:45.514829+05:30	Josh (DailyHunt)	HTTPError: 404 Client Error: Not Found for url: https://api.ashbyhq.com/posting-api/job-board/josh?includeCompensation=true
2026-09-11T14:16:46.057521+05:30	Kaleyra	HTTPError: 404 Client Error: Not Found for url: https://api.ashbyhq.com/posting-api/job-board/kaleyra?includeCompensation=true
2026-09-11T14:16:46.294228+05:30	Karza Technologies	HTTPError: 404 Client Error: Not Found for url: https://api.ashbyhq.com/posting-api/job-board/karza?includeCompensation=true
2026-09-11T14:16:46.386253+05:30	Khatabook	HTTPError: 404 Client Error: Not Found for url: https://api.ashbyhq.com/posting-api/job-board/khatabook?includeCompensation=true
2026-09-11T14:16:46.747676+05:30	Kredivo	HTTPError: 404 Client Error: Not Found for url: https://api.ashbyhq.com/posting-api/job-board/kredivo?includeCompensation=true
2026-09-11T14:16:47.205323+05:30	Krutrim	HTTPError: 404 Client Error: Not Found for url: https://api.ashbyhq.com/posting-api/job-board/krutrim?includeCompensation=true
2026-09-11T14:16:48.470483+05:30	Kutumb	HTTPError: 404 Client Error: Not Found for url: https://api.ashbyhq.com/posting-api/job-board/kutumb?includeCompensation=true
2026-09-11T14:16:48.554636+05:30	Leegality	HTTPError: 404 Client Error: Not Found for url: https://api.ashbyhq.com/posting-api/job-board/leegality?includeCompensation=true
2026-09-11T14:16:49.835406+05:30	Lendingkart	HTTPError: 404 Client Error: Not Found for url: https://api.ashbyhq.com/posting-api/job-board/lendingkart?includeCompensation=true
2026-09-11T14:16:50.170313+05:30	Magicpin	HTTPError: 404 Client Error: Not Found for url: https://api.ashbyhq.com/posting-api/job-board/magicpin?includeCompensation=true
2026-09-11T14:16:51.224607+05:30	Manthan	HTTPError: 404 Client Error: Not Found for url: https://api.ashbyhq.com/posting-api/job-board/manthan?includeCompensation=true
2026-09-11T14:16:51.556563+05:30	MathCo (The Math Company)	HTTPError: 404 Client Error: Not Found for url: https://api.ashbyhq.com/posting-api/job-board/themathcompany?includeCompensation=true
2026-09-11T14:16:51.628512+05:30	MediBuddy	HTTPError: 404 Client Error: Not Found for url: https://api.ashbyhq.com/posting-api/job-board/medibuddy?includeCompensation=true
2026-09-11T14:16:52.172160+05:30	Mensa Brands	HTTPError: 404 Client Error: Not Found for url: https://api.ashbyhq.com/posting-api/job-board/mensabrands?includeCompensation=true
2026-09-11T14:16:52.489909+05:30	Mihup	HTTPError: 404 Client Error: Not Found for url: https://api.ashbyhq.com/posting-api/job-board/mihup?includeCompensation=true
2026-09-11T14:16:52.535646+05:30	Mobikwik	HTTPError: 404 Client Error: Not Found for url: https://api.ashbyhq.com/posting-api/job-board/mobikwik?includeCompensation=true
2026-09-11T14:16:52.900028+05:30	Moj (ShareChat)	HTTPError: 404 Client Error: Not Found for url: https://api.ashbyhq.com/posting-api/job-board/moj?includeCompensation=true
2026-09-11T14:16:53.412156+05:30	Nira Finance	HTTPError: 404 Client Error: Not Found for url: https://api.ashbyhq.com/posting-api/job-board/nira-finance?includeCompensation=true
2026-09-11T14:16:54.594655+05:30	Nucleus Software	HTTPError: 404 Client Error: Not Found for url: https://api.ashbyhq.com/posting-api/job-board/nucleussoftware?includeCompensation=true
2026-09-11T14:16:54.676450+05:30	Observe.AI	HTTPError: 404 Client Error: Not Found for url: https://api.ashbyhq.com/posting-api/job-board/observeai?includeCompensation=true
2026-09-11T14:16:55.947202+05:30	OkCredit	HTTPError: 404 Client Error: Not Found for url: https://api.ashbyhq.com/posting-api/job-board/okcredit?includeCompensation=true
2026-09-11T14:16:56.284740+05:30	Ola	HTTPError: 404 Client Error: Not Found for url: https://api.ashbyhq.com/posting-api/job-board/olacabs?includeCompensation=true
2026-09-11T14:16:57.336643+05:30	OneCode	HTTPError: 404 Client Error: Not Found for url: https://api.ashbyhq.com/posting-api/job-board/onecode?includeCompensation=true
2026-09-11T14:16:57.665139+05:30	OYO Rooms	HTTPError: 404 Client Error: Not Found for url: https://api.ashbyhq.com/posting-api/job-board/oyorooms?includeCompensation=true
2026-09-11T14:16:57.756442+05:30	Paperflite	HTTPError: 404 Client Error: Not Found for url: https://api.ashbyhq.com/posting-api/job-board/paperflite?includeCompensation=true
2026-09-11T14:16:58.449144+05:30	Pepper Content	HTTPError: 404 Client Error: Not Found for url: https://api.ashbyhq.com/posting-api/job-board/peppercontent?includeCompensation=true
2026-09-11T14:16:58.619993+05:30	Pepperfry	HTTPError: 404 Client Error: Not Found for url: https://api.ashbyhq.com/posting-api/job-board/pepperfry?includeCompensation=true
2026-09-11T14:16:58.680271+05:30	Physics Wallah	HTTPError: 404 Client Error: Not Found for url: https://api.ashbyhq.com/posting-api/job-board/physicswallah?includeCompensation=true
2026-09-11T14:16:59.028794+05:30	Pixxel	HTTPError: 404 Client Error: Not Found for url: https://api.ashbyhq.com/posting-api/job-board/pixxel?includeCompensation=true
2026-09-11T14:16:59.526127+05:30	Pocket FM	HTTPError: 404 Client Error: Not Found for url: https://api.ashbyhq.com/posting-api/job-board/pocketfm?includeCompensation=true
2026-09-11T14:17:00.715276+05:30	Pratilipi	HTTPError: 404 Client Error: Not Found for url: https://api.ashbyhq.com/posting-api/job-board/pratilipi?includeCompensation=true
2026-09-11T14:17:00.799990+05:30	Quantiphi	HTTPError: 404 Client Error: Not Found for url: https://api.ashbyhq.com/posting-api/job-board/quantiphi?includeCompensation=true
2026-09-11T14:17:02.065845+05:30	Recykal	HTTPError: 404 Client Error: Not Found for url: https://api.ashbyhq.com/posting-api/job-board/recykal?includeCompensation=true
2026-09-11T14:17:02.394973+05:30	Rupeek	HTTPError: 404 Client Error: Not Found for url: https://api.ashbyhq.com/posting-api/job-board/rupeek?includeCompensation=true
2026-09-11T14:17:03.446406+05:30	Sahamati	HTTPError: 404 Client Error: Not Found for url: https://api.ashbyhq.com/posting-api/job-board/sahamati?includeCompensation=true
2026-09-11T14:17:03.890666+05:30	ShareChat	HTTPError: 404 Client Error: Not Found for url: https://api.ashbyhq.com/posting-api/job-board/sharechat?includeCompensation=true
2026-09-11T14:17:03.958408+05:30	Skyroot Aerospace	HTTPError: 404 Client Error: Not Found for url: https://api.ashbyhq.com/posting-api/job-board/skyroot?includeCompensation=true
2026-09-11T14:17:04.571732+05:30	Slice	HTTPError: 404 Client Error: Not Found for url: https://api.ashbyhq.com/posting-api/job-board/sliceit?includeCompensation=true
2026-09-11T14:17:04.730375+05:30	Slintel (6sense India)	HTTPError: 404 Client Error: Not Found for url: https://api.ashbyhq.com/posting-api/job-board/slintel?includeCompensation=true
2026-09-11T14:17:04.796558+05:30	Smallcase	HTTPError: 404 Client Error: Not Found for url: https://api.ashbyhq.com/posting-api/job-board/smallcase?includeCompensation=true
2026-09-11T14:17:05.131717+05:30	Sprinto	HTTPError: 404 Client Error: Not Found for url: https://api.ashbyhq.com/posting-api/job-board/sprinto?includeCompensation=true
2026-09-11T14:17:05.633772+05:30	Stanza Living	HTTPError: 404 Client Error: Not Found for url: https://api.ashbyhq.com/posting-api/job-board/stanzaliving?includeCompensation=true
2026-09-11T14:17:06.843581+05:30	Stashfin	HTTPError: 404 Client Error: Not Found for url: https://api.ashbyhq.com/posting-api/job-board/stashfin?includeCompensation=true
2026-09-11T14:17:07.174846+05:30	Subex	HTTPError: 404 Client Error: Not Found for url: https://api.ashbyhq.com/posting-api/job-board/subex?includeCompensation=true
2026-09-11T14:17:08.187724+05:30	Sugar Cosmetics	HTTPError: 404 Client Error: Not Found for url: https://api.ashbyhq.com/posting-api/job-board/sugarcosmetics?includeCompensation=true
2026-09-11T14:17:08.539587+05:30	Suprsend	HTTPError: 404 Client Error: Not Found for url: https://api.ashbyhq.com/posting-api/job-board/suprsend?includeCompensation=true
2026-09-11T14:17:09.565195+05:30	Tata Digital	HTTPError: 404 Client Error: Not Found for url: https://api.ashbyhq.com/posting-api/job-board/tatadigital?includeCompensation=true
2026-09-11T14:17:09.997196+05:30	Toplyne	HTTPError: 404 Client Error: Not Found for url: https://api.ashbyhq.com/posting-api/job-board/toplyne?includeCompensation=true
2026-09-11T14:17:10.067039+05:30	Turtlemint	HTTPError: 404 Client Error: Not Found for url: https://api.ashbyhq.com/posting-api/job-board/turtlemint?includeCompensation=true
2026-09-11T14:17:10.686073+05:30	Udaan	HTTPError: 404 Client Error: Not Found for url: https://api.ashbyhq.com/posting-api/job-board/udaan?includeCompensation=true
2026-09-11T14:17:10.846461+05:30	Unacademy (Graphy)	HTTPError: 404 Client Error: Not Found for url: https://api.ashbyhq.com/posting-api/job-board/graphy?includeCompensation=true
2026-09-11T14:17:10.927161+05:30	Upstox	HTTPError: 404 Client Error: Not Found for url: https://api.ashbyhq.com/posting-api/job-board/upstox?includeCompensation=true
2026-09-11T14:17:11.266374+05:30	Verse Innovation (DailyHunt)	HTTPError: 404 Client Error: Not Found for url: https://api.ashbyhq.com/posting-api/job-board/verseinnovation?includeCompensation=true
2026-09-11T14:17:11.755031+05:30	Vokal	HTTPError: 404 Client Error: Not Found for url: https://api.ashbyhq.com/posting-api/job-board/vokal?includeCompensation=true
2026-09-11T14:17:12.975530+05:30	Wakefit	HTTPError: 404 Client Error: Not Found for url: https://api.ashbyhq.com/posting-api/job-board/wakefit?includeCompensation=true
2026-09-11T14:17:13.310610+05:30	Waycool	HTTPError: 404 Client Error: Not Found for url: https://api.ashbyhq.com/posting-api/job-board/waycool?includeCompensation=true
2026-09-11T14:17:14.297027+05:30	WNS Global Services	HTTPError: 404 Client Error: Not Found for url: https://api.ashbyhq.com/posting-api/job-board/wns?includeCompensation=true
2026-09-11T14:17:14.645877+05:30	Yellow.ai	HTTPError: 404 Client Error: Not Found for url: https://api.ashbyhq.com/posting-api/job-board/yellowai?includeCompensation=true
2026-09-11T14:17:15.699506+05:30	Yulu	HTTPError: 404 Client Error: Not Found for url: https://api.ashbyhq.com/posting-api/job-board/yulu?includeCompensation=true
2026-09-11T14:17:16.113904+05:30	Zeta Suite	HTTPError: 404 Client Error: Not Found for url: https://api.ashbyhq.com/posting-api/job-board/zeta?includeCompensation=true
2026-09-11T14:17:16.185997+05:30	Zomato	HTTPError: 404 Client Error: Not Found for url: https://api.ashbyhq.com/posting-api/job-board/zomato?includeCompensation=true
2026-09-11T14:17:16.813039+05:30	ZS Associates India	HTTPError: 404 Client Error: Not Found for url: https://api.ashbyhq.com/posting-api/job-board/zs-associates?includeCompensation=true
2026-09-12T12:21:10.281913+05:30	Absolutdata	HTTPError: 404 Client Error: Not Found for url: https://boards-api.greenhouse.io/v1/boards/absolutdata/jobs?content=true
2026-09-12T12:21:10.284114+05:30	Artoo	HTTPError: 404 Client Error: Not Found for url: https://boards-api.greenhouse.io/v1/boards/artoo/jobs?content=true
2026-09-12T12:21:10.284194+05:30	Arya.ai	HTTPError: 404 Client Error: Not Found for url: https://boards-api.greenhouse.io/v1/boards/arya-ai/jobs?content=true
2026-09-12T12:21:10.284255+05:30	Avail Finance	HTTPError: 404 Client Error: Not Found for url: https://boards-api.greenhouse.io/v1/boards/availfinance/jobs?content=true
2026-09-12T12:21:10.284304+05:30	Axtria	HTTPError: 404 Client Error: Not Found for url: https://boards-api.greenhouse.io/v1/boards/axtria/jobs?content=true
2026-09-12T12:21:10.284350+05:30	BharatPe	HTTPError: 404 Client Error: Not Found for url: https://boards-api.greenhouse.io/v1/boards/bharatpe/jobs?content=true
2026-09-12T12:21:10.630376+05:30	BrowserStack	HTTPError: 404 Client Error: Not Found for url: https://boards-api.greenhouse.io/v1/boards/browserstack/jobs?content=true
2026-09-12T12:21:10.656169+05:30	Cashfree	HTTPError: 404 Client Error: Not Found for url: https://boards-api.greenhouse.io/v1/boards/cashfree/jobs?content=true
2026-09-12T12:21:10.656970+05:30	Chargebee	HTTPError: 404 Client Error: Not Found for url: https://boards-api.greenhouse.io/v1/boards/chargebee/jobs?content=true
2026-09-12T12:21:11.052360+05:30	Classplus	HTTPError: 404 Client Error: Not Found for url: https://boards-api.greenhouse.io/v1/boards/classplus/jobs?content=true
2026-09-12T12:21:11.052922+05:30	Clevertap	HTTPError: 404 Client Error: Not Found for url: https://boards-api.greenhouse.io/v1/boards/clevertap/jobs?content=true
2026-09-12T12:21:12.434047+05:30	Cred Avenue	HTTPError: 404 Client Error: Not Found for url: https://boards-api.greenhouse.io/v1/boards/credavenue/jobs?content=true
2026-09-12T12:21:16.565155+05:30	Darwinbox	HTTPError: 404 Client Error: Not Found for url: https://boards-api.greenhouse.io/v1/boards/darwinbox/jobs?content=true
2026-09-12T12:21:16.651208+05:30	DataWeave	HTTPError: 404 Client Error: Not Found for url: https://boards-api.greenhouse.io/v1/boards/dataweave/jobs?content=true
2026-09-12T12:21:16.715224+05:30	Dunzo	HTTPError: 404 Client Error: Not Found for url: https://boards-api.greenhouse.io/v1/boards/dunzo/jobs?content=true
2026-09-12T12:21:17.355497+05:30	Eka Plus	HTTPError: 404 Client Error: Not Found for url: https://boards-api.greenhouse.io/v1/boards/ekaplus/jobs?content=true
2026-09-12T12:21:17.355647+05:30	ElasticRun	HTTPError: 404 Client Error: Not Found for url: https://boards-api.greenhouse.io/v1/boards/elasticrun/jobs?content=true
2026-09-12T12:21:17.393227+05:30	Exotel	HTTPError: 404 Client Error: Not Found for url: https://boards-api.greenhouse.io/v1/boards/exotel/jobs?content=true
2026-09-12T12:21:17.511346+05:30	Ezetap	HTTPError: 404 Client Error: Not Found for url: https://boards-api.greenhouse.io/v1/boards/ezetap/jobs?content=true
2026-09-12T12:21:17.595086+05:30	Fampay	HTTPError: 404 Client Error: Not Found for url: https://boards-api.greenhouse.io/v1/boards/fampay/jobs?content=true
2026-09-12T12:21:17.596066+05:30	Flutura	HTTPError: 404 Client Error: Not Found for url: https://boards-api.greenhouse.io/v1/boards/flutura/jobs?content=true
2026-09-12T12:21:17.902121+05:30	Fractal Analytics	HTTPError: 404 Client Error: Not Found for url: https://boards-api.greenhouse.io/v1/boards/fractal/jobs?content=true
2026-09-12T12:21:18.073122+05:30	Freo	HTTPError: 404 Client Error: Not Found for url: https://boards-api.greenhouse.io/v1/boards/freo/jobs?content=true
2026-09-12T12:21:18.869198+05:30	Freshworks	HTTPError: 404 Client Error: Not Found for url: https://boards-api.greenhouse.io/v1/boards/freshworks/jobs?content=true
2026-09-12T12:21:23.418349+05:30	Gojek India	HTTPError: 404 Client Error: Not Found for url: https://boards-api.greenhouse.io/v1/boards/gojek/jobs?content=true
2026-09-12T12:21:23.676057+05:30	Great Learning	HTTPError: 404 Client Error: Not Found for url: https://boards-api.greenhouse.io/v1/boards/greatlearning/jobs?content=true
2026-09-12T12:21:23.746481+05:30	Gupshup	HTTPError: 404 Client Error: Not Found for url: https://boards-api.greenhouse.io/v1/boards/gupshup/jobs?content=true
2026-09-12T12:21:23.804747+05:30	Happay	HTTPError: 404 Client Error: Not Found for url: https://boards-api.greenhouse.io/v1/boards/happay/jobs?content=true
2026-09-12T12:21:23.840107+05:30	Happiest Minds	HTTPError: 404 Client Error: Not Found for url: https://boards-api.greenhouse.io/v1/boards/happiestminds/jobs?content=true
2026-09-12T12:21:23.922849+05:30	Hasura	HTTPError: 404 Client Error: Not Found for url: https://boards-api.greenhouse.io/v1/boards/hasura/jobs?content=true
2026-09-12T12:21:24.025702+05:30	Healthplix	HTTPError: 404 Client Error: Not Found for url: https://boards-api.greenhouse.io/v1/boards/healthplix/jobs?content=true
2026-09-12T12:21:24.087556+05:30	Helpshift	HTTPError: 404 Client Error: Not Found for url: https://boards-api.greenhouse.io/v1/boards/helpshift/jobs?content=true
2026-09-12T12:21:24.332409+05:30	iNeuron	HTTPError: 404 Client Error: Not Found for url: https://boards-api.greenhouse.io/v1/boards/ineuron/jobs?content=true
2026-09-12T12:21:24.553104+05:30	Innovaccer	HTTPError: 404 Client Error: Not Found for url: https://boards-api.greenhouse.io/v1/boards/innovaccer/jobs?content=true
2026-09-12T12:21:24.959287+05:30	Juspay	HTTPError: 404 Client Error: Not Found for url: https://boards-api.greenhouse.io/v1/boards/juspay/jobs?content=true
2026-09-12T12:21:25.259083+05:30	Kapture CRM	HTTPError: 404 Client Error: Not Found for url: https://boards-api.greenhouse.io/v1/boards/kapture/jobs?content=true
2026-09-12T12:21:29.798049+05:30	Konversai	HTTPError: 404 Client Error: Not Found for url: https://boards-api.greenhouse.io/v1/boards/konversai/jobs?content=true
2026-09-12T12:21:30.081035+05:30	Kredx	HTTPError: 404 Client Error: Not Found for url: https://boards-api.greenhouse.io/v1/boards/kredx/jobs?content=true
2026-09-12T12:21:30.134789+05:30	LatentView Analytics	HTTPError: 404 Client Error: Not Found for url: https://boards-api.greenhouse.io/v1/boards/latentview/jobs?content=true
2026-09-12T12:21:30.209593+05:30	LeadSquared	HTTPError: 404 Client Error: Not Found for url: https://boards-api.greenhouse.io/v1/boards/leadsquared/jobs?content=true
2026-09-12T12:21:30.253919+05:30	Lenskart	HTTPError: 404 Client Error: Not Found for url: https://boards-api.greenhouse.io/v1/boards/lenskart/jobs?content=true
2026-09-12T12:21:30.333996+05:30	Mad Street Den	HTTPError: 404 Client Error: Not Found for url: https://boards-api.greenhouse.io/v1/boards/madstreetden/jobs?content=true
2026-09-12T12:21:30.423033+05:30	Mamaearth	HTTPError: 404 Client Error: Not Found for url: https://boards-api.greenhouse.io/v1/boards/mamaearth/jobs?content=true
2026-09-12T12:21:30.728288+05:30	Mintifi	HTTPError: 404 Client Error: Not Found for url: https://boards-api.greenhouse.io/v1/boards/mintifi/jobs?content=true
2026-09-12T12:21:30.821792+05:30	MoEngage	HTTPError: 404 Client Error: Not Found for url: https://boards-api.greenhouse.io/v1/boards/moengage/jobs?content=true
2026-09-12T12:21:31.176639+05:30	Moxo	HTTPError: 404 Client Error: Not Found for url: https://boards-api.greenhouse.io/v1/boards/moxo/jobs?content=true
2026-09-12T12:21:31.410554+05:30	Mu Sigma	HTTPError: 404 Client Error: Not Found for url: https://boards-api.greenhouse.io/v1/boards/mu-sigma/jobs?content=true
2026-09-12T12:21:31.663981+05:30	Navi Technologies	HTTPError: 404 Client Error: Not Found for url: https://boards-api.greenhouse.io/v1/boards/navi/jobs?content=true
2026-09-12T12:21:36.195203+05:30	Netcore Cloud	HTTPError: 404 Client Error: Not Found for url: https://boards-api.greenhouse.io/v1/boards/netcorecloud/jobs?content=true
2026-09-12T12:21:36.526302+05:30	Niramai	HTTPError: 404 Client Error: Not Found for url: https://boards-api.greenhouse.io/v1/boards/niramai/jobs?content=true
2026-09-12T12:21:36.760164+05:30	Niyo	HTTPError: 404 Client Error: Not Found for url: https://boards-api.greenhouse.io/v1/boards/niyo/jobs?content=true
2026-09-12T12:21:36.770082+05:30	Numberz	HTTPError: 404 Client Error: Not Found for url: https://boards-api.greenhouse.io/v1/boards/numberz/jobs?content=true
2026-09-12T12:21:36.857820+05:30	Open Financial	HTTPError: 404 Client Error: Not Found for url: https://boards-api.greenhouse.io/v1/boards/open-financial/jobs?content=true
2026-09-12T12:21:37.343544+05:30	Perfios	HTTPError: 404 Client Error: Not Found for url: https://boards-api.greenhouse.io/v1/boards/perfios/jobs?content=true
2026-09-12T12:21:37.462086+05:30	Portea Medical	HTTPError: 404 Client Error: Not Found for url: https://boards-api.greenhouse.io/v1/boards/portea/jobs?content=true
2026-09-12T12:21:37.637791+05:30	Practo	HTTPError: 404 Client Error: Not Found for url: https://boards-api.greenhouse.io/v1/boards/practo/jobs?content=true
2026-09-12T12:21:37.697109+05:30	Progcap	HTTPError: 404 Client Error: Not Found for url: https://boards-api.greenhouse.io/v1/boards/progcap/jobs?content=true
2026-09-12T12:21:37.804016+05:30	Purplle	HTTPError: 404 Client Error: Not Found for url: https://boards-api.greenhouse.io/v1/boards/purplle/jobs?content=true
2026-09-12T12:21:37.946927+05:30	Razorpay	HTTPError: 404 Client Error: Not Found for url: https://boards-api.greenhouse.io/v1/boards/razorpay/jobs?content=true
2026-09-12T12:21:38.091921+05:30	Rivigo	HTTPError: 404 Client Error: Not Found for url: https://boards-api.greenhouse.io/v1/boards/rivigo/jobs?content=true
2026-09-12T12:21:43.316591+05:30	Salesken	HTTPError: 404 Client Error: Not Found for url: https://boards-api.greenhouse.io/v1/boards/salesken/jobs?content=true
2026-09-12T12:21:43.316717+05:30	Scaler	HTTPError: 404 Client Error: Not Found for url: https://boards-api.greenhouse.io/v1/boards/scaler/jobs?content=true
2026-09-12T12:21:43.414994+05:30	Setu	HTTPError: 404 Client Error: Not Found for url: https://boards-api.greenhouse.io/v1/boards/setu/jobs?content=true
2026-09-12T12:21:43.860353+05:30	Shadowfax	HTTPError: 404 Client Error: Not Found for url: https://boards-api.greenhouse.io/v1/boards/shadowfax/jobs?content=true
2026-09-12T12:21:43.921867+05:30	Signzy	HTTPError: 404 Client Error: Not Found for url: https://boards-api.greenhouse.io/v1/boards/signzy/jobs?content=true
2026-09-12T12:21:43.931284+05:30	Simplilearn	HTTPError: 404 Client Error: Not Found for url: https://boards-api.greenhouse.io/v1/boards/simplilearn/jobs?content=true
2026-09-12T12:21:44.050191+05:30	Sprinklr	HTTPError: 404 Client Error: Not Found for url: https://boards-api.greenhouse.io/v1/boards/sprinklr/jobs?content=true
2026-09-12T12:21:44.065331+05:30	Teachmint	HTTPError: 404 Client Error: Not Found for url: https://boards-api.greenhouse.io/v1/boards/teachmint/jobs?content=true
2026-09-12T12:21:44.276380+05:30	Tiger Analytics	HTTPError: 404 Client Error: Not Found for url: https://boards-api.greenhouse.io/v1/boards/tigeranalytics/jobs?content=true
2026-09-12T12:21:44.355075+05:30	Unacademy	HTTPError: 404 Client Error: Not Found for url: https://boards-api.greenhouse.io/v1/boards/unacademy/jobs?content=true
2026-09-12T12:21:44.391301+05:30	Uniphore	HTTPError: 404 Client Error: Not Found for url: https://boards-api.greenhouse.io/v1/boards/uniphore/jobs?content=true
2026-09-12T12:21:44.549226+05:30	upGrad	HTTPError: 404 Client Error: Not Found for url: https://boards-api.greenhouse.io/v1/boards/upgrad/jobs?content=true
2026-09-12T12:21:49.785625+05:30	Vedantu	HTTPError: 404 Client Error: Not Found for url: https://boards-api.greenhouse.io/v1/boards/vedantu/jobs?content=true
2026-09-12T12:21:49.785749+05:30	Vyapar	HTTPError: 404 Client Error: Not Found for url: https://boards-api.greenhouse.io/v1/boards/vyapar/jobs?content=true
2026-09-12T12:21:50.195956+05:30	WebEngage	HTTPError: 404 Client Error: Not Found for url: https://boards-api.greenhouse.io/v1/boards/webengage/jobs?content=true
2026-09-12T12:21:50.320275+05:30	Whatfix	HTTPError: 404 Client Error: Not Found for url: https://boards-api.greenhouse.io/v1/boards/whatfix/jobs?content=true
2026-09-12T12:21:50.602637+05:30	Yubi (CredAvenue)	HTTPError: 404 Client Error: Not Found for url: https://boards-api.greenhouse.io/v1/boards/yubi/jobs?content=true
2026-09-12T12:21:50.602845+05:30	Zivame	HTTPError: 404 Client Error: Not Found for url: https://boards-api.greenhouse.io/v1/boards/zivame/jobs?content=true
2026-09-12T12:21:50.602910+05:30	Zowork	HTTPError: 404 Client Error: Not Found for url: https://boards-api.greenhouse.io/v1/boards/zowork/jobs?content=true
2026-09-12T12:21:53.085787+05:30	5Paisa Capital	HTTPError: 404 Client Error: Not Found for url: https://api.lever.co/v0/postings/5paisa?mode=json
2026-09-12T12:21:53.086164+05:30	Angel One	HTTPError: 404 Client Error: Not Found for url: https://api.lever.co/v0/postings/angelone?mode=json
2026-09-12T12:21:53.086252+05:30	Apollo 24/7	HTTPError: 404 Client Error: Not Found for url: https://api.lever.co/v0/postings/apollo247?mode=json
2026-09-12T12:21:53.086307+05:30	Aster DM Healthcare	HTTPError: 404 Client Error: Not Found for url: https://api.lever.co/v0/postings/asterdm?mode=json
2026-09-12T12:21:53.086365+05:30	Bizongo	HTTPError: 404 Client Error: Not Found for url: https://api.lever.co/v0/postings/bizongo?mode=json
2026-09-12T12:21:56.395218+05:30	BlackBuck	HTTPError: 404 Client Error: Not Found for url: https://api.lever.co/v0/postings/blackbuck?mode=json
2026-09-12T12:21:56.395347+05:30	Blowhorn	HTTPError: 404 Client Error: Not Found for url: https://api.lever.co/v0/postings/blowhorn?mode=json
2026-09-12T12:21:56.736002+05:30	Climes	HTTPError: 404 Client Error: Not Found for url: https://api.lever.co/v0/postings/climes?mode=json
2026-09-12T12:21:56.873873+05:30	Country Delight	HTTPError: 404 Client Error: Not Found for url: https://api.lever.co/v0/postings/countrydelight?mode=json
2026-09-12T12:21:57.125383+05:30	Coverfox	HTTPError: 404 Client Error: Not Found for url: https://api.lever.co/v0/postings/coverfox?mode=json
2026-09-12T12:21:57.157842+05:30	Cure.fit	HTTPError: 404 Client Error: Not Found for url: https://api.lever.co/v0/postings/curefit?mode=json
2026-09-12T12:21:57.654433+05:30	Delhivery	HTTPError: 404 Client Error: Not Found for url: https://api.lever.co/v0/postings/delhivery?mode=json
2026-09-12T12:21:57.968760+05:30	EaseMyTrip	HTTPError: 404 Client Error: Not Found for url: https://api.lever.co/v0/postings/easemytrip?mode=json
2026-09-12T12:21:58.002573+05:30	Eat Club	HTTPError: 404 Client Error: Not Found for url: https://api.lever.co/v0/postings/eatclub?mode=json
2026-09-12T12:21:58.003289+05:30	Edelweiss Financial Services	HTTPError: 404 Client Error: Not Found for url: https://api.lever.co/v0/postings/edelweiss?mode=json
2026-09-12T12:21:59.462532+05:30	Eka Software	HTTPError: 404 Client Error: Not Found for url: https://api.lever.co/v0/postings/eka?mode=json
2026-09-12T12:21:59.623931+05:30	Euler Motors	HTTPError: 404 Client Error: Not Found for url: https://api.lever.co/v0/postings/eulermotors?mode=json
2026-09-12T12:22:02.893084+05:30	Exotel	HTTPError: 404 Client Error: Not Found for url: https://api.lever.co/v0/postings/exotel?mode=json
2026-09-12T12:22:02.933182+05:30	Fashinza	HTTPError: 404 Client Error: Not Found for url: https://api.lever.co/v0/postings/fashinza?mode=json
2026-09-12T12:22:03.331513+05:30	Fibe (EarlySalary)	HTTPError: 404 Client Error: Not Found for url: https://api.lever.co/v0/postings/earlysalary?mode=json
2026-09-12T12:22:03.441975+05:30	Groww	HTTPError: 404 Client Error: Not Found for url: https://api.lever.co/v0/postings/growwapp?mode=json
2026-09-12T12:22:03.663650+05:30	Haptik	HTTPError: 404 Client Error: Not Found for url: https://api.lever.co/v0/postings/haptik?mode=json
2026-09-12T12:22:04.233621+05:30	Housing.com	HTTPError: 404 Client Error: Not Found for url: https://api.lever.co/v0/postings/housing?mode=json
2026-09-12T12:22:04.234102+05:30	Icertis	HTTPError: 404 Client Error: Not Found for url: https://api.lever.co/v0/postings/icertis?mode=json
2026-09-12T12:22:04.536467+05:30	IIFL Finance	HTTPError: 404 Client Error: Not Found for url: https://api.lever.co/v0/postings/iifl?mode=json
2026-09-12T12:22:04.754698+05:30	ixigo	HTTPError: 404 Client Error: Not Found for url: https://api.lever.co/v0/postings/ixigo?mode=json
2026-09-12T12:22:05.075076+05:30	Keka HR	HTTPError: 404 Client Error: Not Found for url: https://api.lever.co/v0/postings/keka?mode=json
2026-09-12T12:22:06.024756+05:30	Kissht	HTTPError: 404 Client Error: Not Found for url: https://api.lever.co/v0/postings/kissht?mode=json
2026-09-12T12:22:06.161912+05:30	KreditBee	HTTPError: 404 Client Error: Not Found for url: https://api.lever.co/v0/postings/kreditbee?mode=json
2026-09-12T12:22:09.495266+05:30	Licious	HTTPError: 404 Client Error: Not Found for url: https://api.lever.co/v0/postings/licious?mode=json
2026-09-12T12:22:09.824106+05:30	Log9 Materials	HTTPError: 404 Client Error: Not Found for url: https://api.lever.co/v0/postings/log9materials?mode=json
2026-09-12T12:22:09.868353+05:30	MakeMyTrip	HTTPError: 404 Client Error: Not Found for url: https://api.lever.co/v0/postings/makemytrip?mode=json
2026-09-12T12:22:09.993499+05:30	Medikabazaar	HTTPError: 404 Client Error: Not Found for url: https://api.lever.co/v0/postings/medikabazaar?mode=json
2026-09-12T12:22:11.222911+05:30	Moglix	HTTPError: 404 Client Error: Not Found for url: https://api.lever.co/v0/postings/moglix?mode=json
2026-09-12T12:22:11.223093+05:30	MoneyTap	HTTPError: 404 Client Error: Not Found for url: https://api.lever.co/v0/postings/moneytap?mode=json
2026-09-12T12:22:11.223156+05:30	Mswipe	HTTPError: 404 Client Error: Not Found for url: https://api.lever.co/v0/postings/mswipe?mode=json
2026-09-12T12:22:11.323958+05:30	Ninjacart	HTTPError: 404 Client Error: Not Found for url: https://api.lever.co/v0/postings/ninjacart?mode=json
2026-09-12T12:22:11.332685+05:30	Niswey	HTTPError: 404 Client Error: Not Found for url: https://api.lever.co/v0/postings/niswey?mode=json
2026-09-12T12:22:11.610452+05:30	NoBroker	HTTPError: 404 Client Error: Not Found for url: https://api.lever.co/v0/postings/nobroker?mode=json
2026-09-12T12:22:12.712772+05:30	Ofbusiness	HTTPError: 404 Client Error: Not Found for url: https://api.lever.co/v0/postings/ofbusiness?mode=json
2026-09-12T12:22:12.800591+05:30	Ola Electric	HTTPError: 404 Client Error: Not Found for url: https://api.lever.co/v0/postings/olaelectric?mode=json
2026-09-12T12:22:16.428270+05:30	Paytm Money	HTTPError: 404 Client Error: Not Found for url: https://api.lever.co/v0/postings/paytmmoney?mode=json
2026-09-12T12:22:16.428548+05:30	PharmEasy	HTTPError: 404 Client Error: Not Found for url: https://api.lever.co/v0/postings/pharmeasy?mode=json
2026-09-12T12:22:16.472181+05:30	PhillipCapital India	HTTPError: 404 Client Error: Not Found for url: https://api.lever.co/v0/postings/phillipcapital?mode=json
2026-09-12T12:22:17.053544+05:30	Pristyn Care	HTTPError: 404 Client Error: Not Found for url: https://api.lever.co/v0/postings/pristyncare?mode=json
2026-09-12T12:22:17.636377+05:30	RateGain	HTTPError: 404 Client Error: Not Found for url: https://api.lever.co/v0/postings/rategain?mode=json
2026-09-12T12:22:17.716739+05:30	RenewBuy	HTTPError: 404 Client Error: Not Found for url: https://api.lever.co/v0/postings/renewbuy?mode=json
2026-09-12T12:22:17.832893+05:30	Samco Securities	HTTPError: 404 Client Error: Not Found for url: https://api.lever.co/v0/postings/samco?mode=json
2026-09-12T12:22:17.906250+05:30	Shiprocket	HTTPError: 404 Client Error: Not Found for url: https://api.lever.co/v0/postings/shiprocket?mode=json
2026-09-12T12:22:17.909320+05:30	Spinny	HTTPError: 404 Client Error: Not Found for url: https://api.lever.co/v0/postings/spinny?mode=json
2026-09-12T12:22:18.145057+05:30	Springworks	HTTPError: 404 Client Error: Not Found for url: https://api.lever.co/v0/postings/springworks?mode=json
2026-09-12T12:22:19.260608+05:30	Square Yards	HTTPError: 404 Client Error: Not Found for url: https://api.lever.co/v0/postings/squareyards?mode=json
2026-09-12T12:22:19.344297+05:30	Styli (Landmark Group)	HTTPError: 404 Client Error: Not Found for url: https://api.lever.co/v0/postings/styli?mode=json
2026-09-12T12:22:22.940136+05:30	sumHR	HTTPError: 404 Client Error: Not Found for url: https://api.lever.co/v0/postings/sumhr?mode=json
2026-09-12T12:22:23.032932+05:30	Tata 1mg	HTTPError: 404 Client Error: Not Found for url: https://api.lever.co/v0/postings/tata1mg?mode=json
2026-09-12T12:22:23.247409+05:30	Urban Company	HTTPError: 404 Client Error: Not Found for url: https://api.lever.co/v0/postings/urbanclap?mode=json
2026-09-12T12:22:23.609515+05:30	Vymo	HTTPError: 404 Client Error: Not Found for url: https://api.lever.co/v0/postings/vymo?mode=json
2026-09-12T12:22:24.336760+05:30	Yash Technologies	HTTPError: 404 Client Error: Not Found for url: https://api.lever.co/v0/postings/yash-technologies?mode=json
2026-09-12T12:22:24.384487+05:30	Zenoti	HTTPError: 404 Client Error: Not Found for url: https://api.lever.co/v0/postings/zenoti?mode=json
2026-09-12T12:22:27.519108+05:30	Zepto	HTTPError: 404 Client Error: Not Found for url: https://api.lever.co/v0/postings/zepto?mode=json
2026-09-12T12:22:27.519396+05:30	ZestMoney	HTTPError: 404 Client Error: Not Found for url: https://api.lever.co/v0/postings/zestmoney?mode=json
2026-09-12T12:22:27.519461+05:30	Zetwerk	HTTPError: 404 Client Error: Not Found for url: https://api.lever.co/v0/postings/zetwerk?mode=json
2026-09-12T12:22:27.519515+05:30	Zilingo India	HTTPError: 404 Client Error: Not Found for url: https://api.lever.co/v0/postings/zilingo?mode=json
2026-09-12T12:22:27.519571+05:30	Acko	HTTPError: 404 Client Error: Not Found for url: https://api.ashbyhq.com/posting-api/job-board/acko?includeCompensation=true
2026-09-12T12:22:27.519630+05:30	Agnikul Cosmos	HTTPError: 404 Client Error: Not Found for url: https://api.ashbyhq.com/posting-api/job-board/agnikul?includeCompensation=true
2026-09-12T12:22:29.249584+05:30	AiPrise	JSONDecodeError: Expecting value: line 1 column 1 (char 0)
2026-09-12T12:22:29.354913+05:30	Airmeet	HTTPError: 404 Client Error: Not Found for url: https://api.ashbyhq.com/posting-api/job-board/airmeet?includeCompensation=true
2026-09-12T12:22:29.549439+05:30	Analytics Quotient	HTTPError: 404 Client Error: Not Found for url: https://api.ashbyhq.com/posting-api/job-board/analyticsquotient?includeCompensation=true
2026-09-12T12:22:29.918976+05:30	Apna	HTTPError: 404 Client Error: Not Found for url: https://api.ashbyhq.com/posting-api/job-board/apna-com?includeCompensation=true
2026-09-12T12:22:30.675586+05:30	Artivatic Data Labs	HTTPError: 404 Client Error: Not Found for url: https://api.ashbyhq.com/posting-api/job-board/artivatic?includeCompensation=true
2026-09-12T12:22:30.702599+05:30	Ather Energy	HTTPError: 404 Client Error: Not Found for url: https://api.ashbyhq.com/posting-api/job-board/atherenergy?includeCompensation=true
2026-09-12T12:22:30.819094+05:30	Avaamo	HTTPError: 404 Client Error: Not Found for url: https://api.ashbyhq.com/posting-api/job-board/avaamo?includeCompensation=true
2026-09-12T12:22:30.921200+05:30	Awfis	HTTPError: 404 Client Error: Not Found for url: https://api.ashbyhq.com/posting-api/job-board/awfis?includeCompensation=true
2026-09-12T12:22:31.014343+05:30	Bespoke Labs	JSONDecodeError: Expecting value: line 1 column 1 (char 0)
2026-09-12T12:22:31.992723+05:30	BetterPlace	HTTPError: 404 Client Error: Not Found for url: https://api.ashbyhq.com/posting-api/job-board/betterplace?includeCompensation=true
2026-09-12T12:22:32.426620+05:30	Bidgely	JSONDecodeError: Expecting value: line 1 column 1 (char 0)
2026-09-12T12:22:33.811719+05:30	Bijak	HTTPError: 404 Client Error: Not Found for url: https://api.ashbyhq.com/posting-api/job-board/bijak?includeCompensation=true
2026-09-12T12:22:35.558352+05:30	Blinkit	HTTPError: 404 Client Error: Not Found for url: https://api.ashbyhq.com/posting-api/job-board/blinkit?includeCompensation=true
2026-09-12T12:22:35.668127+05:30	boAt (Imagine Marketing)	HTTPError: 404 Client Error: Not Found for url: https://api.ashbyhq.com/posting-api/job-board/imaginemarketingltd?includeCompensation=true
2026-09-12T12:22:35.843418+05:30	Bounce	JSONDecodeError: Expecting value: line 1 column 1 (char 0)
2026-09-12T12:22:36.226167+05:30	BRIDGEi2i Analytics	HTTPError: 404 Client Error: Not Found for url: https://api.ashbyhq.com/posting-api/job-board/bridgei2i?includeCompensation=true
2026-09-12T12:22:37.013973+05:30	Broccoli AI	JSONDecodeError: Expecting value: line 1 column 1 (char 0)
2026-09-12T12:22:37.021676+05:30	Capillary Technologies	HTTPError: 404 Client Error: Not Found for url: https://api.ashbyhq.com/posting-api/job-board/capillary?includeCompensation=true
2026-09-12T12:22:37.135656+05:30	Cars24	HTTPError: 404 Client Error: Not Found for url: https://api.ashbyhq.com/posting-api/job-board/cars24?includeCompensation=true
2026-09-12T12:22:37.250481+05:30	Cartesia	JSONDecodeError: Expecting value: line 1 column 1 (char 0)
2026-09-12T12:22:37.354801+05:30	Classmate (ITC)	HTTPError: 404 Client Error: Not Found for url: https://api.ashbyhq.com/posting-api/job-board/itc-classmate?includeCompensation=true
2026-09-12T12:22:38.301220+05:30	CloudSEK	HTTPError: 404 Client Error: Not Found for url: https://api.ashbyhq.com/posting-api/job-board/cloudsek?includeCompensation=true
2026-09-12T12:22:38.735438+05:30	Crayon Data	HTTPError: 404 Client Error: Not Found for url: https://api.ashbyhq.com/posting-api/job-board/crayondata?includeCompensation=true
2026-09-12T12:22:40.107230+05:30	Credgenics	HTTPError: 404 Client Error: Not Found for url: https://api.ashbyhq.com/posting-api/job-board/credgenics?includeCompensation=true
2026-09-12T12:22:41.885332+05:30	Cuemath	HTTPError: 404 Client Error: Not Found for url: https://api.ashbyhq.com/posting-api/job-board/cuemath?includeCompensation=true
2026-09-12T12:22:41.983898+05:30	d-Matrix	JSONDecodeError: Expecting value: line 1 column 1 (char 0)
2026-09-12T12:22:42.155972+05:30	DealShare	HTTPError: 404 Client Error: Not Found for url: https://api.ashbyhq.com/posting-api/job-board/dealshare?includeCompensation=true
2026-09-12T12:22:42.528580+05:30	DeHaat	HTTPError: 404 Client Error: Not Found for url: https://api.ashbyhq.com/posting-api/job-board/dehaat?includeCompensation=true
2026-09-12T12:22:43.338376+05:30	Digit Insurance	HTTPError: 404 Client Error: Not Found for url: https://api.ashbyhq.com/posting-api/job-board/digit?includeCompensation=true
2026-09-12T12:22:43.360076+05:30	Droom	HTTPError: 404 Client Error: Not Found for url: https://api.ashbyhq.com/posting-api/job-board/droom?includeCompensation=true
2026-09-12T12:22:43.462535+05:30	Eruditus	HTTPError: 404 Client Error: Not Found for url: https://api.ashbyhq.com/posting-api/job-board/eruditus?includeCompensation=true
2026-09-12T12:22:43.566620+05:30	Evalueserve	HTTPError: 404 Client Error: Not Found for url: https://api.ashbyhq.com/posting-api/job-board/evalueserve?includeCompensation=true
2026-09-12T12:22:43.694071+05:30	EXL Service	HTTPError: 404 Client Error: Not Found for url: https://api.ashbyhq.com/posting-api/job-board/exlservice?includeCompensation=true
2026-09-12T12:22:44.617064+05:30	Facilio	HTTPError: 404 Client Error: Not Found for url: https://api.ashbyhq.com/posting-api/job-board/facilio?includeCompensation=true
2026-09-12T12:22:45.025718+05:30	Fi Money	HTTPError: 404 Client Error: Not Found for url: https://api.ashbyhq.com/posting-api/job-board/epifi?includeCompensation=true
2026-09-12T12:22:46.415988+05:30	Finarkein Analytics	HTTPError: 404 Client Error: Not Found for url: https://api.ashbyhq.com/posting-api/job-board/finarkein?includeCompensation=true
2026-09-12T12:22:48.195807+05:30	FirstCry	HTTPError: 404 Client Error: Not Found for url: https://api.ashbyhq.com/posting-api/job-board/firstcry?includeCompensation=true
2026-09-12T12:22:48.299816+05:30	Fisdom	HTTPError: 404 Client Error: Not Found for url: https://api.ashbyhq.com/posting-api/job-board/fisdom?includeCompensation=true
2026-09-12T12:22:48.460947+05:30	Flagright	JSONDecodeError: Expecting value: line 1 column 1 (char 0)
2026-09-12T12:22:48.852390+05:30	GlobalBees	HTTPError: 404 Client Error: Not Found for url: https://api.ashbyhq.com/posting-api/job-board/globalbees?includeCompensation=true
2026-09-12T12:22:49.660134+05:30	Gnani AI	HTTPError: 404 Client Error: Not Found for url: https://api.ashbyhq.com/posting-api/job-board/gnani?includeCompensation=true
2026-09-12T12:22:49.694055+05:30	Gramener	HTTPError: 404 Client Error: Not Found for url: https://api.ashbyhq.com/posting-api/job-board/gramener?includeCompensation=true
2026-09-12T12:22:49.886768+05:30	Greenpanel	HTTPError: 404 Client Error: Not Found for url: https://api.ashbyhq.com/posting-api/job-board/greenpanel?includeCompensation=true
2026-09-12T12:22:49.886889+05:30	INDmoney	HTTPError: 404 Client Error: Not Found for url: https://api.ashbyhq.com/posting-api/job-board/indmoney?includeCompensation=true
2026-09-12T12:22:50.006208+05:30	Innoviti	HTTPError: 404 Client Error: Not Found for url: https://api.ashbyhq.com/posting-api/job-board/innoviti?includeCompensation=true
2026-09-12T12:22:50.928218+05:30	Intellect Design Arena	HTTPError: 404 Client Error: Not Found for url: https://api.ashbyhq.com/posting-api/job-board/intellectdesign?includeCompensation=true
2026-09-12T12:22:51.330717+05:30	Jar	HTTPError: 404 Client Error: Not Found for url: https://api.ashbyhq.com/posting-api/job-board/jar-app?includeCompensation=true
2026-09-12T12:22:52.722724+05:30	Josh (DailyHunt)	HTTPError: 404 Client Error: Not Found for url: https://api.ashbyhq.com/posting-api/job-board/josh?includeCompensation=true
2026-09-12T12:22:54.511719+05:30	Kaleyra	HTTPError: 404 Client Error: Not Found for url: https://api.ashbyhq.com/posting-api/job-board/kaleyra?includeCompensation=true
2026-09-12T12:22:54.612271+05:30	Karza Technologies	HTTPError: 404 Client Error: Not Found for url: https://api.ashbyhq.com/posting-api/job-board/karza?includeCompensation=true
2026-09-12T12:22:54.753071+05:30	Khatabook	HTTPError: 404 Client Error: Not Found for url: https://api.ashbyhq.com/posting-api/job-board/khatabook?includeCompensation=true
2026-09-12T12:22:55.230270+05:30	Kong	JSONDecodeError: Expecting value: line 1 column 1 (char 0)
2026-09-12T12:22:56.001012+05:30	Kredivo	HTTPError: 404 Client Error: Not Found for url: https://api.ashbyhq.com/posting-api/job-board/kredivo?includeCompensation=true
2026-09-12T12:22:56.012117+05:30	Krutrim	HTTPError: 404 Client Error: Not Found for url: https://api.ashbyhq.com/posting-api/job-board/krutrim?includeCompensation=true
2026-09-12T12:22:56.200134+05:30	Kutumb	HTTPError: 404 Client Error: Not Found for url: https://api.ashbyhq.com/posting-api/job-board/kutumb?includeCompensation=true
2026-09-12T12:22:56.211619+05:30	Leegality	HTTPError: 404 Client Error: Not Found for url: https://api.ashbyhq.com/posting-api/job-board/leegality?includeCompensation=true
2026-09-12T12:22:56.329642+05:30	Lendingkart	HTTPError: 404 Client Error: Not Found for url: https://api.ashbyhq.com/posting-api/job-board/lendingkart?includeCompensation=true
2026-09-12T12:22:57.284361+05:30	LG Ad Solutions	JSONDecodeError: Expecting value: line 1 column 1 (char 0)
2026-09-12T12:22:57.647236+05:30	Magicpin	HTTPError: 404 Client Error: Not Found for url: https://api.ashbyhq.com/posting-api/job-board/magicpin?includeCompensation=true
2026-09-12T12:22:59.036379+05:30	Manthan	HTTPError: 404 Client Error: Not Found for url: https://api.ashbyhq.com/posting-api/job-board/manthan?includeCompensation=true
2026-09-12T12:23:00.822166+05:30	MathCo (The Math Company)	HTTPError: 404 Client Error: Not Found for url: https://api.ashbyhq.com/posting-api/job-board/themathcompany?includeCompensation=true
2026-09-12T12:23:00.926084+05:30	MediBuddy	HTTPError: 404 Client Error: Not Found for url: https://api.ashbyhq.com/posting-api/job-board/medibuddy?includeCompensation=true
2026-09-12T12:23:01.062481+05:30	Mensa Brands	HTTPError: 404 Client Error: Not Found for url: https://api.ashbyhq.com/posting-api/job-board/mensabrands?includeCompensation=true
2026-09-12T12:23:01.564222+05:30	Meraki Labs	JSONDecodeError: Expecting value: line 1 column 1 (char 0)
2026-09-12T12:23:02.335892+05:30	Mihup	HTTPError: 404 Client Error: Not Found for url: https://api.ashbyhq.com/posting-api/job-board/mihup?includeCompensation=true
2026-09-12T12:23:02.366159+05:30	Mobikwik	HTTPError: 404 Client Error: Not Found for url: https://api.ashbyhq.com/posting-api/job-board/mobikwik?includeCompensation=true
2026-09-12T12:23:02.533299+05:30	Moj (ShareChat)	HTTPError: 404 Client Error: Not Found for url: https://api.ashbyhq.com/posting-api/job-board/moj?includeCompensation=true
2026-09-12T12:23:02.542590+05:30	Nanonets	JSONDecodeError: Expecting value: line 1 column 1 (char 0)
2026-09-12T12:23:02.658379+05:30	Neural Concept	JSONDecodeError: Expecting value: line 1 column 1 (char 0)
2026-09-12T12:23:03.597087+05:30	Nira Finance	HTTPError: 404 Client Error: Not Found for url: https://api.ashbyhq.com/posting-api/job-board/nira-finance?includeCompensation=true
2026-09-12T12:23:03.952929+05:30	Nucleus Software	HTTPError: 404 Client Error: Not Found for url: https://api.ashbyhq.com/posting-api/job-board/nucleussoftware?includeCompensation=true
2026-09-12T12:23:05.340118+05:30	Observe.AI	HTTPError: 404 Client Error: Not Found for url: https://api.ashbyhq.com/posting-api/job-board/observeai?includeCompensation=true
2026-09-12T12:23:07.135880+05:30	OkCredit	HTTPError: 404 Client Error: Not Found for url: https://api.ashbyhq.com/posting-api/job-board/okcredit?includeCompensation=true
2026-09-12T12:23:07.242809+05:30	Ola	HTTPError: 404 Client Error: Not Found for url: https://api.ashbyhq.com/posting-api/job-board/olacabs?includeCompensation=true
2026-09-12T12:23:07.380773+05:30	OneCode	HTTPError: 404 Client Error: Not Found for url: https://api.ashbyhq.com/posting-api/job-board/onecode?includeCompensation=true
2026-09-12T12:23:07.878564+05:30	OYO Rooms	HTTPError: 404 Client Error: Not Found for url: https://api.ashbyhq.com/posting-api/job-board/oyorooms?includeCompensation=true
2026-09-12T12:23:08.670147+05:30	Paperflite	HTTPError: 404 Client Error: Not Found for url: https://api.ashbyhq.com/posting-api/job-board/paperflite?includeCompensation=true
2026-09-12T12:23:08.670272+05:30	Parspec	JSONDecodeError: Expecting value: line 1 column 1 (char 0)
2026-09-12T12:23:08.991228+05:30	Pear VC portfolio	JSONDecodeError: Expecting value: line 1 column 1 (char 0)
2026-09-12T12:23:08.991634+05:30	Pepper Content	HTTPError: 404 Client Error: Not Found for url: https://api.ashbyhq.com/posting-api/job-board/peppercontent?includeCompensation=true
2026-09-12T12:23:08.991729+05:30	Pepperfry	HTTPError: 404 Client Error: Not Found for url: https://api.ashbyhq.com/posting-api/job-board/pepperfry?includeCompensation=true
2026-09-12T12:23:09.909505+05:30	Physics Wallah	HTTPError: 404 Client Error: Not Found for url: https://api.ashbyhq.com/posting-api/job-board/physicswallah?includeCompensation=true
2026-09-12T12:23:10.254751+05:30	Pixxel	HTTPError: 404 Client Error: Not Found for url: https://api.ashbyhq.com/posting-api/job-board/pixxel?includeCompensation=true
2026-09-12T12:23:11.652528+05:30	Pocket FM	HTTPError: 404 Client Error: Not Found for url: https://api.ashbyhq.com/posting-api/job-board/pocketfm?includeCompensation=true
2026-09-12T12:23:13.424770+05:30	Pratilipi	HTTPError: 404 Client Error: Not Found for url: https://api.ashbyhq.com/posting-api/job-board/pratilipi?includeCompensation=true
2026-09-12T12:23:13.545985+05:30	Quantiphi	HTTPError: 404 Client Error: Not Found for url: https://api.ashbyhq.com/posting-api/job-board/quantiphi?includeCompensation=true
2026-09-12T12:23:13.691095+05:30	Recykal	HTTPError: 404 Client Error: Not Found for url: https://api.ashbyhq.com/posting-api/job-board/recykal?includeCompensation=true
2026-09-12T12:23:14.176347+05:30	Rupeek	HTTPError: 404 Client Error: Not Found for url: https://api.ashbyhq.com/posting-api/job-board/rupeek?includeCompensation=true
2026-09-12T12:23:14.947600+05:30	Sahamati	HTTPError: 404 Client Error: Not Found for url: https://api.ashbyhq.com/posting-api/job-board/sahamati?includeCompensation=true
2026-09-12T12:23:15.064398+05:30	Sarvam AI	JSONDecodeError: Expecting value: line 1 column 1 (char 0)
2026-09-12T12:23:15.175734+05:30	ShareChat	HTTPError: 404 Client Error: Not Found for url: https://api.ashbyhq.com/posting-api/job-board/sharechat?includeCompensation=true
2026-09-12T12:23:15.383662+05:30	Skylo	JSONDecodeError: Expecting value: line 1 column 1 (char 0)
2026-09-12T12:23:15.384084+05:30	Skyroot Aerospace	HTTPError: 404 Client Error: Not Found for url: https://api.ashbyhq.com/posting-api/job-board/skyroot?includeCompensation=true
2026-09-12T12:23:16.224397+05:30	Slice	HTTPError: 404 Client Error: Not Found for url: https://api.ashbyhq.com/posting-api/job-board/sliceit?includeCompensation=true
2026-09-12T12:23:16.570264+05:30	Slintel (6sense India)	HTTPError: 404 Client Error: Not Found for url: https://api.ashbyhq.com/posting-api/job-board/slintel?includeCompensation=true
2026-09-12T12:23:17.969145+05:30	Smallcase	HTTPError: 404 Client Error: Not Found for url: https://api.ashbyhq.com/posting-api/job-board/smallcase?includeCompensation=true
2026-09-12T12:23:19.723337+05:30	Sprinto	HTTPError: 404 Client Error: Not Found for url: https://api.ashbyhq.com/posting-api/job-board/sprinto?includeCompensation=true
2026-09-12T12:23:19.863405+05:30	Stanza Living	HTTPError: 404 Client Error: Not Found for url: https://api.ashbyhq.com/posting-api/job-board/stanzaliving?includeCompensation=true
2026-09-12T12:23:19.999878+05:30	Stashfin	HTTPError: 404 Client Error: Not Found for url: https://api.ashbyhq.com/posting-api/job-board/stashfin?includeCompensation=true
2026-09-12T12:23:20.487082+05:30	Subex	HTTPError: 404 Client Error: Not Found for url: https://api.ashbyhq.com/posting-api/job-board/subex?includeCompensation=true
2026-09-12T12:23:21.440059+05:30	Sugar Cosmetics	HTTPError: 404 Client Error: Not Found for url: https://api.ashbyhq.com/posting-api/job-board/sugarcosmetics?includeCompensation=true
2026-09-12T12:23:21.440179+05:30	Supa	JSONDecodeError: Expecting value: line 1 column 1 (char 0)
2026-09-12T12:23:21.478481+05:30	Suprsend	HTTPError: 404 Client Error: Not Found for url: https://api.ashbyhq.com/posting-api/job-board/suprsend?includeCompensation=true
2026-09-12T12:23:21.656852+05:30	Tata Digital	HTTPError: 404 Client Error: Not Found for url: https://api.ashbyhq.com/posting-api/job-board/tatadigital?includeCompensation=true
2026-09-12T12:23:21.700953+05:30	Toplyne	HTTPError: 404 Client Error: Not Found for url: https://api.ashbyhq.com/posting-api/job-board/toplyne?includeCompensation=true
2026-09-12T12:23:22.537598+05:30	Turtlemint	HTTPError: 404 Client Error: Not Found for url: https://api.ashbyhq.com/posting-api/job-board/turtlemint?includeCompensation=true
2026-09-12T12:23:22.867927+05:30	Udaan	HTTPError: 404 Client Error: Not Found for url: https://api.ashbyhq.com/posting-api/job-board/udaan?includeCompensation=true
2026-09-12T12:23:24.284070+05:30	Unacademy (Graphy)	HTTPError: 404 Client Error: Not Found for url: https://api.ashbyhq.com/posting-api/job-board/graphy?includeCompensation=true
2026-09-12T12:23:26.027175+05:30	Upstox	HTTPError: 404 Client Error: Not Found for url: https://api.ashbyhq.com/posting-api/job-board/upstox?includeCompensation=true
2026-09-12T12:23:26.170747+05:30	Verse Innovation (DailyHunt)	HTTPError: 404 Client Error: Not Found for url: https://api.ashbyhq.com/posting-api/job-board/verseinnovation?includeCompensation=true
2026-09-12T12:23:26.319295+05:30	Vokal	HTTPError: 404 Client Error: Not Found for url: https://api.ashbyhq.com/posting-api/job-board/vokal?includeCompensation=true
2026-09-12T12:23:26.801822+05:30	Wakefit	HTTPError: 404 Client Error: Not Found for url: https://api.ashbyhq.com/posting-api/job-board/wakefit?includeCompensation=true
2026-09-12T12:23:27.716718+05:30	Waycool	HTTPError: 404 Client Error: Not Found for url: https://api.ashbyhq.com/posting-api/job-board/waycool?includeCompensation=true
2026-09-12T12:23:27.771124+05:30	WNS Global Services	HTTPError: 404 Client Error: Not Found for url: https://api.ashbyhq.com/posting-api/job-board/wns?includeCompensation=true
2026-09-12T12:23:27.807323+05:30	Yellow.ai	HTTPError: 404 Client Error: Not Found for url: https://api.ashbyhq.com/posting-api/job-board/yellowai?includeCompensation=true
2026-09-12T12:23:27.968547+05:30	Yulu	HTTPError: 404 Client Error: Not Found for url: https://api.ashbyhq.com/posting-api/job-board/yulu?includeCompensation=true
2026-09-12T12:23:27.999772+05:30	Zeta Suite	HTTPError: 404 Client Error: Not Found for url: https://api.ashbyhq.com/posting-api/job-board/zeta?includeCompensation=true
2026-09-12T12:23:28.891999+05:30	Zomato	HTTPError: 404 Client Error: Not Found for url: https://api.ashbyhq.com/posting-api/job-board/zomato?includeCompensation=true
2026-09-12T12:23:29.244606+05:30	ZS Associates India	HTTPError: 404 Client Error: Not Found for url: https://api.ashbyhq.com/posting-api/job-board/zs-associates?includeCompensation=true
2026-09-12T12:23:29.244840+05:30	Cisco	JSONDecodeError: Expecting value: line 1 column 1 (char 0)
2026-09-12T12:23:29.244905+05:30	Intel	JSONDecodeError: Expecting value: line 1 column 1 (char 0)
2026-09-12T12:23:29.244979+05:30	NVIDIA	JSONDecodeError: Expecting value: line 1 column 1 (char 0)
2026-09-12T12:23:29.572257+05:30	Thomson Reuters	JSONDecodeError: Expecting value: line 1 column 1 (char 0)
2026-09-12T12:23:29.572364+05:30	F5	JSONDecodeError: Expecting value: line 1 column 1 (char 0)
2026-09-12T12:23:29.572425+05:30	PTC	JSONDecodeError: Expecting value: line 1 column 1 (char 0)
2026-09-12T12:23:29.572477+05:30	Agilent	JSONDecodeError: Expecting value: line 1 column 1 (char 0)
2026-09-12T12:23:29.572525+05:30	AVEVA	JSONDecodeError: Expecting value: line 1 column 1 (char 0)
2026-09-12T12:23:29.572572+05:30	Silicon Labs	JSONDecodeError: Expecting value: line 1 column 1 (char 0)
2026-09-12T12:23:29.572626+05:30	Kyndryl	JSONDecodeError: Expecting value: line 1 column 1 (char 0)
2026-09-12T12:23:29.572674+05:30	Lloyds Technology Centre	JSONDecodeError: Expecting value: line 1 column 1 (char 0)
2026-09-12T12:23:29.572726+05:30	Carelon Global Solutions	JSONDecodeError: Expecting value: line 1 column 1 (char 0)
2026-09-12T12:23:29.572773+05:30	Assurant	JSONDecodeError: Expecting value: line 1 column 1 (char 0)
2026-09-12T12:23:29.572825+05:30	R1 RCM	JSONDecodeError: Expecting value: line 1 column 1 (char 0)
2026-09-12T12:23:29.572872+05:30	Astreya	JSONDecodeError: Expecting value: line 1 column 1 (char 0)
